id,bloco,tema,subtema_edital,pergunta,opcao_a,opcao_b,opcao_c,opcao_d,opcao_e,correta,explicacao
1,Censo,"IBGE: missao, estrutura e historia dos censos",Apostila - Cap. 1 a 3,A missao institucional do IBGE e:,Fiscalizar a producao agropecuaria nacional,Retratar o Brasil com informacoes necessarias ao conhecimento de sua realidade e ao exercicio da cidadania,Regulamentar precos de mercado,Administrar politicas de assentamento rural,Emitir documentos de propriedade rural,B,E a frase literal da missao institucional do IBGE citada na apostila.
2,Censo,"IBGE: missao, estrutura e historia dos censos",Apostila - Cap. 1 a 3,O IBGE foi fundado em:,1920,1930,1936,1940,1950,C,"O IBGE foi criado em 1936; o primeiro Censo Agropecuario, porem, foi em 1920, antes da existencia do IBGE."
3,Censo,"IBGE: missao, estrutura e historia dos censos",Apostila - Cap. 1 a 3,A rede nacional do IBGE e composta por:,26 SES e 500 agencias,27 SES (26 capitais + 1 no DF) e 566 agencias municipais,27 SES e 645 agencias,26 SES e 5.569 agencias,27 SES e 10.744 agencias,B,27 Superintendencias Estaduais (26 nas capitais + 1 no DF) e 566 Agencias municipais.
4,Censo,"IBGE: missao, estrutura e historia dos censos",Apostila - Cap. 1 a 3,"Sobre a periodicidade historica dos Censos Agropecuarios, e correto afirmar que:","Sempre ocorreram a cada 10 anos, sem excecoes","De 1940 a 1970 ocorreram a cada 10 anos; depois passaram a cada 5 anos (1975, 1980, 1985)",So existiram censos a partir do seculo XXI,Nunca houve interrupcao na serie historica,"O primeiro censo agropecuario foi em 1936, junto com a criacao do IBGE",B,A apostila detalha essa mudanca de periodicidade decenal para quinquenal a partir de 1975.
5,Censo,"IBGE: missao, estrutura e historia dos censos",Apostila - Cap. 1 a 3,"O 12o Censo Agropecuario, Florestal e Aquicola tera sua coleta realizada em:","2025, com referencia a 2024","2026, com referencia a 2025","2027, com referencia a 2026","2028, com referencia a 2027","2027, com referencia a 2027",C,"A coleta ocorre em 2027, com dados de referencia relativos ao ano de 2026."
6,Censo,"IBGE: missao, estrutura e historia dos censos",Apostila - Cap. 1 a 3,"Segundo a apostila, o IBGE contratara, para o 12o Censo Agropecuario em 2027, aproximadamente quantos profissionais temporarios?",10 mil,20 mil,36 mil,50 mil,66 mil,C,A apostila cita a contratacao de cerca de 36 mil profissionais temporarios por processos seletivos simplificados.
7,Censo,"IBGE: missao, estrutura e historia dos censos",Apostila - Cap. 1 a 3,"O Censo Agropecuario previsto para 1990 nao pode ser realizado, sendo executado somente em:",1994,1995,1996,1997,2000,C,"Em 1990 nao foi possivel a execucao do censo, que so ocorreu em 1996."
8,Censo,"Objetivo, concepcao e abrangencia do 12o Censo",Apostila - Cap. 4,A pesquisa do Censo Agropecuario segue recomendacoes de qual organismo internacional?,OMS,FAO (Organizacao das Nacoes Unidas para Alimentacao e Agricultura),ONU-Habitat,OMC,Banco Mundial,B,"A apostila cita a Estrategia Global para o Aprimoramento das Estatisticas Agropecuarias e o Programa Mundial de Censos Agropecuarios, ambos ligados a FAO."
9,Censo,"Objetivo, concepcao e abrangencia do 12o Censo",Apostila - Cap. 4,"O Censo Agropecuario estima abranger, aproximadamente:",500 mil estabelecimentos,1 milhao de estabelecimentos,"5,1 milhoes de estabelecimentos agropecuarios",10 milhoes de estabelecimentos,566 mil estabelecimentos,C,"A apostila menciona cerca de 5,1 milhoes de estabelecimentos agropecuarios em diversos segmentos produtivos."
10,Censo,"Objetivo, concepcao e abrangencia do 12o Censo",Apostila - Cap. 4,O Pronaf tem como objetivo:,Fiscalizar o uso de agrotoxicos,Fomentar o desenvolvimento sustentavel do meio rural e fortalecer a cidadania dos agricultores familiares,Financiar apenas grandes produtores,Substituir o Censo Agropecuario,Regular o comercio exterior de commodities,B,"O Pronaf visa ampliar a capacidade produtiva, gerar empregos e renda, melhorando a qualidade de vida da agricultura familiar."
11,Censo,"Objetivo, concepcao e abrangencia do 12o Censo",Apostila - Cap. 4,NAO e um recorte territorial citado para agregacao dos resultados do censo:,Unidades de Conservacao,Terras Indigenas,Territorios Quilombolas oficialmente delimitados,Zonas eleitorais,Projetos de Assentamento,D,"A apostila cita Unidades de Conservacao, Terras Indigenas, Territorios Quilombolas, Biomas e Projetos de Assentamento; zonas eleitorais nao sao citadas."
12,Censo,"Objetivo, concepcao e abrangencia do 12o Censo",Apostila - Cap. 4,A estratificacao dos dados do Censo considera:,Somente grandes produtores rurais,Apenas dados do agronegocio de exportacao,"Diferentes tipologias, como agricultura familiar, medio produtor, patronal e povos e comunidades tradicionais",Apenas municipios com mais de 100 mil habitantes,Somente estabelecimentos com CNPJ,C,O objetivo inclui oferecer informacoes estratificadas segundo diferentes tipologias do universo agropecuario.
13,Censo,"Objetivo, concepcao e abrangencia do 12o Censo",Apostila - Cap. 4,"Os resultados do Censo Agropecuario sao referidos, no minimo, ao nivel de:",Rua,Municipio,Apenas estado,Apenas grande regiao,Apenas nacional,B,"A apostila afirma que os resultados sao referidos ao nivel dos Municipios, permitindo agregacoes por outros recortes."
14,Censo,"Objetivo, concepcao e abrangencia do 12o Censo",Apostila - Cap. 4,Entre as metas do 12o Censo esta estruturar um cadastro de estabelecimentos agropecuarios com qual finalidade especifica?,Substituir o Cadastro Nacional de Enderecos,Implementar pesquisas amostrais futuras,Emitir certidoes de propriedade,Fiscalizar tributos rurais,Cadastrar eleitores rurais,B,Um dos objetivos listados e estruturar um cadastro de estabelecimentos agropecuarios especifico para pesquisas amostrais.
15,Censo,Estrutura organizacional censitaria e cargos temporarios,Apostila - Cap. 5,O Centro Nacional de Qualidade (CNQ) esta vinculado a:,Cada Posto Censitario isoladamente,"A Sede, orientando os Centros Estaduais de Qualidade (CEQ)",Apenas as Agencias municipais,Ao Ministerio da Agricultura,A FAO,B,"O CNQ e vinculado a Sede e orienta o trabalho dos CEQ, com visao nacional da coleta."
16,Censo,Estrutura organizacional censitaria e cargos temporarios,Apostila - Cap. 5,"Quem coordena todas as atividades censitarias no posto, subordinado ao AOR?",Recenseador,Agente Censitario Supervisor (ACS),Agente Censitario Regional (ACR),Agente Censitario de Informatica (ACI),Analista Censitario Nacional,C,O ACR coordena as atividades censitarias do posto e gerencia o trabalho dos ACS.
17,Censo,Estrutura organizacional censitaria e cargos temporarios,Apostila - Cap. 5,"A funcao do Agente Censitario Supervisor (ACS) e, principalmente:",Gerenciar o posto censitario como um todo,Supervisionar o trabalho dos Recenseadores e ministrar treinamento,Coordenar as Superintendencias Estaduais,Elaborar o mapa municipal estatistico,Representar o IBGE junto a FAO,B,"O ACS supervisiona e treina os recenseadores, servindo de elo entre a coleta e o posto censitario."
18,Censo,Estrutura organizacional censitaria e cargos temporarios,Apostila - Cap. 5,"O Recenseador deve se reportar, em caso de duvidas, a:",Diretamente ao Presidente do IBGE,Ao ACS (Agente Censitario Supervisor),Ao CNQ,A COAGRO,Ao Ministerio Publico,B,"O recenseador se reporta ao ACS, que presta orientacao tecnica e assistencia permanente."
19,Censo,Estrutura organizacional censitaria e cargos temporarios,Apostila - Cap. 5,"A estrutura permanente do IBGE, para fins censitarios, esta distribuida:",Somente em Postos Censitarios,"Na Sede (diretorias e coordenacoes-gerais) e nas SES, ligadas a presidencia",Somente nas Agencias municipais,Somente no CNQ,Somente nos Centros Estaduais de Qualidade,B,"A estrutura permanente fica na Sede e nas Superintendencias Estaduais, ligadas diretamente a presidencia."
20,Censo,Estrutura organizacional censitaria e cargos temporarios,Apostila - Cap. 5,A sigla ACQ corresponde a:,Agente Censitario de Qualidade,Analista Censitario Qualificado,Agente de Coleta e Qualificacao,Auditor de Contas e Qualidade,Agente Censitario Quilombola,A,"ACQ e o Agente Censitario de Qualidade, responsavel por supervisionar a qualidade dos dados em campo."
21,Censo,Estrutura organizacional censitaria e cargos temporarios,Apostila - Cap. 5,O Analista Censitario Estadual atua em conformidade com as orientacoes de quem?,Do Ministerio da Agricultura,Dos analistas censitarios nacionais lotados no CNQ,Exclusivamente do prefeito do municipio,Da FUNAI,Do SESAI,B,O Analista Censitario Estadual segue as orientacoes e demandas dos analistas nacionais do CNQ.
22,Censo,Instrumentos de trabalho e navegacao em campo,Apostila - Cap. 6 e 7,"Em uma escala 1:50.000, uma distancia de 4 cm no mapa corresponde, na realidade, a:",400 m,2 km,4 km,40 km,500 m,B,4 cm x 50.000 = 200.000 cm = 2.000 m = 2 km.
23,Censo,Instrumentos de trabalho e navegacao em campo,Apostila - Cap. 6 e 7,O Descritivo do Setor e composto por quantas partes?,2,3,4,5,6,D,"As 5 partes sao: ponto inicial/final, descricao do perimetro, setores a excluir, estruturas nao setorizadas, e acessibilidade/observacoes."
24,Censo,Instrumentos de trabalho e navegacao em campo,Apostila - Cap. 6 e 7,NAO e um instrumento de trabalho do Recenseador:,Mapa do Setor Censitario,Descritivo do setor,Mapa Municipal Estatistico (MME),Dispositivo Movel de Coleta (DMC),Carteira de trabalho do produtor rural,E,"Os instrumentos citados sao mapa do setor, descritivo, MME, DMC e Manual do Recenseador."
25,Censo,Instrumentos de trabalho e navegacao em campo,Apostila - Cap. 6 e 7,"Sobre o perimetro do setor censitario, e correto afirmar:",O Recenseador pode ajusta-lo se achar necessario,O Recenseador nao pode alterar o perimetro do setor em hipotese alguma,"So o ACS pode altera-lo, sem aviso previo",Pode ser modificado apos consenso com o informante,E definido pelo proprio Recenseador no primeiro dia de campo,B,A apostila e categorica: o recenseador nunca pode alterar o perimetro do setor.
26,Censo,Instrumentos de trabalho e navegacao em campo,Apostila - Cap. 6 e 7,A 'lista previa' de enderecos no DMC:,E fixa e nao pode ser alterada em campo,"Deve ser atualizada pelo Recenseador (confirmando, incluindo e excluindo enderecos)",So existe em setores urbanos,E elaborada exclusivamente pelo ACS,Substitui o questionario,B,"O recenseador confirma, inclui e exclui enderecos da lista previa a partir do trabalho de campo."
27,Censo,Instrumentos de trabalho e navegacao em campo,Apostila - Cap. 6 e 7,"O instrumento que traz a visao geral de todos os setores censitarios do municipio e suas vias de acesso, ficando fixado no posto de coleta, e:",O Manual do Recenseador,O Mapa Municipal Estatistico (MME),O Descritivo do setor,O Dispositivo Movel de Coleta (DMC),O Geocodigo do setor,B,"O MME serve para planejar a chegada ao setor, mostrando todos os setores do municipio e vias de acesso."
28,Censo,Instrumentos de trabalho e navegacao em campo,Apostila - Cap. 6 e 7,"No Dispositivo Movel de Coleta (DMC), o mapa do setor censitario digital e exibido por meio de:",Uma foto tirada pelo proprio recenseador,Uma imagem obtida por satelites,Um desenho manual do ACS,Uma planta baixa do imovel,Um croqui feito na Sede,B,"O mapa digital do setor no DMC e exibido a partir de imagem de satelite, com os limites do setor destacados."
29,Censo,Divisao politico-administrativa e Setor Censitario,Apostila - Cap. 8,"O Brasil possui atualmente quantos municipios, segundo a apostila?",645,10.744,5.569,26,566,C,"Sao 5.569 municipios brasileiros, segundo a apostila."
30,Censo,Divisao politico-administrativa e Setor Censitario,Apostila - Cap. 8,"Os distritos, no aspecto politico-administrativo, sao criados por:",Lei federal,"Legislacao municipal, sem autonomia administrativa","Decreto estadual, com autonomia total",Portaria do IBGE,Resolucao do TSE,B,"Os distritos sao criados por legislacao municipal e nao possuem autonomia administrativa, subordinados ao governo municipal."
31,Censo,Divisao politico-administrativa e Setor Censitario,Apostila - Cap. 8,Um geocodigo de setor censitario reune informacoes sobre:,Apenas o estado,"Estado, Municipio, Distrito, Subdistrito e numero do setor",Apenas CEP e logradouro,Latitude e longitude somente,Nome do produtor e area do estabelecimento,B,"O geocodigo identifica de forma unica o setor, reunindo UF, municipio, distrito, subdistrito e numero do setor."
32,Censo,Divisao politico-administrativa e Setor Censitario,Apostila - Cap. 8,O numero aproximado de subdistritos no Brasil e:,5.569,10.744,645,27,566,C,"Existem aproximadamente 645 subdistritos, geralmente em grandes cidades."
33,Censo,Divisao politico-administrativa e Setor Censitario,Apostila - Cap. 8,"O Distrito Federal, na organizacao politico-administrativa, e:",Um municipio comum,Uma UF onde se localiza a sede do Governo Federal,Um distrito subordinado a Goias,Uma agencia do IBGE,Um subdistrito de Brasilia,B,O DF e a Unidade Federativa onde se localiza a sede do Governo Federal.
34,Censo,Divisao politico-administrativa e Setor Censitario,Apostila - Cap. 8,O que caracteriza os Distritos na divisao politico-administrativa?,Dividem integralmente os estados,"Dividem integralmente os municipios em areas menores, sem autonomia administrativa",Sao unidades federativas autonomas,Substituem os municipios,"Sao definidos pelo IBGE, nao pela prefeitura",B,Os distritos dividem integralmente os municipios em areas menores e nao tem autonomia administrativa.
35,Censo,Divisao politico-administrativa e Setor Censitario,Apostila - Cap. 8,A menor unidade territorial usada pelo IBGE para fins estatisticos e:,O Distrito,O Subdistrito,O Setor Censitario,O Municipio,A Unidade da Federacao,C,"O Setor Censitario e a menor area geografica definida pelo IBGE, unidade territorial de coleta do censo."
36,Censo,Estruturas territoriais: situacao e tipos de setores,Apostila - Cap. 9,Um 'Nucleo Urbano' e definido como:,Area com mais de 90% da populacao urbana,"Aglomeracao urbana separada das cidades/vilas por menos de 1km, ou com caracteristicas urbanas mesmo superando essa distancia",Area exclusivamente industrial,Sinonimo de aglomerado rural,Territorio sem presenca de domicilios,B,"Nucleo urbano e aglomeracao separada por menos de 1km da cidade, ou que apresente caracteristicas urbanas mesmo alem dessa distancia."
37,Censo,Estruturas territoriais: situacao e tipos de setores,Apostila - Cap. 9,A Agrovila e um setor censitario:,Exclusivo de areas urbanas de alta densidade,"Com mais de 50 domicilios associados a Projetos de Assentamento, muito importante para o Censo Agro",Sem relevancia para o Censo Agropecuario,Reservado exclusivamente a comunidades quilombolas,Definido por conter menos de 10 domicilios,B,Agrovilas concentram domicilios de familias de assentamentos rurais e sao muito relevantes para o Censo Agro.
38,Censo,Estruturas territoriais: situacao e tipos de setores,Apostila - Cap. 9,"Para ser considerado 'Agrupamento Indigena', o setor deve ter:",Qualquer numero de indigenas,15 ou mais indigenas residentes com vinculos familiares/comunitarios,50 ou mais indigenas,Apenas terras oficialmente demarcadas,No minimo 100 habitantes,B,O Agrupamento Indigena e composto por 15 ou mais individuos indigenas com vinculos familiares ou comunitarios.
39,Censo,Estruturas territoriais: situacao e tipos de setores,Apostila - Cap. 9,Setores do tipo 'Unidade Prisional' sao considerados quando abrigam:,Mais de 10 presos,Mais de 50 presos permanentes,Qualquer quantidade de presos,Apenas presidios federais,Menos de 5 presos,B,Sao considerados setores do tipo Unidade Prisional aqueles com mais de 50 presos permanentes.
40,Censo,Estruturas territoriais: situacao e tipos de setores,Apostila - Cap. 9,"Massa d'agua, como classificacao de setor, significa:",Area de coleta obrigatoria do censo,"Grandes porcoes de agua que nao sao area de coleta, mas podem interferir na operacao",Sinonimo de area rural,Tipo de estabelecimento aquicola,Area urbana de baixa densidade,B,"Massas d'agua sao grandes porcoes de agua interiores ou costeiras, nao sendo area de coleta."
41,Censo,Estruturas territoriais: situacao e tipos de setores,Apostila - Cap. 9,"Um setor caracterizado pelo carater aglomerado de domicilios, normalmente distantes entre si nao mais que 50m e separados da franja das cidades por mais de 1km, e classificado como:",Nucleo urbano,Aglomerado rural,Area urbana de alta densidade,Agrovila,Massa d'agua,B,"Essa e a definicao de Aglomerado rural, dentro da categoria Area rural."
42,Censo,Estruturas territoriais: situacao e tipos de setores,Apostila - Cap. 9,"Setores do tipo 'Alojamento/Acampamento' exigem, no minimo, quantos habitantes residindo ha mais de um ano no local para essa classificacao?",10,25,50,100,150,C,Alojamento e acampamento devem possuir no minimo 50 habitantes residindo ha mais de um ano.
43,Censo,Povos e Comunidades Tradicionais (PCTs) e AIOs,Apostila - Cap. 10,O pertencimento etnico de um informante deve ser registrado:,Conforme a avaliacao visual do Recenseador,"Conforme a declaracao do proprio informante (autodeclaratorio), sem julgamentos",Somente se comprovado por documento oficial,Apenas se confirmado pela FUNAI,"Nunca deve ser registrado, por sigilo",B,"O pertencimento etnico e autodeclaratorio, registrado conforme a declaracao do informante, sem questionamentos."
44,Censo,Povos e Comunidades Tradicionais (PCTs) e AIOs,Apostila - Cap. 10,As Areas de Interesse Operacional (AIOs):,Seguem exatamente a setorizacao do IBGE,Sao sempre menores que um setor censitario,"Nao seguem a setorizacao do IBGE, podendo cobrir um municipio inteiro",So existem em areas urbanas,Substituem o setor censitario oficialmente,C,"As AIOs sao recortes independentes da setorizacao, podendo ser menores, maiores ou cobrir um municipio inteiro."
45,Censo,Povos e Comunidades Tradicionais (PCTs) e AIOs,Apostila - Cap. 10,A norma internacional que garante consulta previa a PCTs e:,Convencao no 169 da OIT,Declaracao Universal dos Direitos Humanos,Acordo de Paris,Convencao de Genebra,Protocolo de Kyoto,A,A Convencao 169 da OIT determina a obrigatoriedade de consulta previa a povos e comunidades tradicionais.
46,Censo,Povos e Comunidades Tradicionais (PCTs) e AIOs,Apostila - Cap. 10,"De acordo com o Censo Demografico 2022, qual o percentual de indigenas em terras indigenas que falam portugues no domicilio?",30%,50%,"67,1%",90%,100%,C,"O percentual citado na apostila e de 67,1%."
47,Censo,Povos e Comunidades Tradicionais (PCTs) e AIOs,Apostila - Cap. 10,"Sao exemplos de PCTs citados na apostila, EXCETO:",Caicaras,Vazanteiros,Pantaneiros,Morroquianos,Sindicalistas rurais,E,Sindicalistas rurais nao constam na lista de PCTs da apostila.
48,Censo,Povos e Comunidades Tradicionais (PCTs) e AIOs,Apostila - Cap. 10,"Um 'Agrupamento Quilombola', como tipo de setor censitario, e composto por quantos individuos autodeclarados quilombolas, no minimo?",5,10,15,20,30,C,O Agrupamento Quilombola exige 15 ou mais individuos autodeclarados quilombolas com vinculos familiares/comunitarios.
49,Censo,Povos e Comunidades Tradicionais (PCTs) e AIOs,Apostila - Cap. 10,As condicoes de acesso e deslocamento em areas de PCTs sao previamente negociadas com:,Apenas a policia local,"Lideranca comunitarias, associacoes e orgaos que atuam em parceria com o IBGE",Exclusivamente o Exercito,"O IBAMA, sem outros envolvidos",Nenhuma negociacao previa e necessaria,B,"O acesso e negociado com liderancas, associacoes e orgaos parceiros, como FUNAI e SESAI."
50,Censo,Endereco e Coordenadas Geograficas,Apostila - Cap. 11 e 12,O padrao de enderecamento do IBGE e chamado de:,CEP Estatistico,CNEFE (Cadastro Nacional de Enderecos para Fins Estatisticos),SIGC,DMC,MME,B,O CNEFE e o padrao oficial de enderecamento adotado pelo IBGE.
51,Censo,Endereco e Coordenadas Geograficas,Apostila - Cap. 11 e 12,A Latitude varia de:,"0 a 180 graus, Leste ou Oeste","0 a 90 graus, Norte ou Sul","0 a 360 graus, sem direcao","-90 a 90 graus, Leste ou Oeste","0 a 100 graus, Norte ou Sul",B,"A latitude vai de 0 a 90 graus, podendo ser Norte ou Sul, medida a partir da Linha do Equador."
52,Censo,Endereco e Coordenadas Geograficas,Apostila - Cap. 11 e 12,E INCORRETO afirmar sobre o endereco no Censo Agropecuario:,"O logradouro deve ser registrado sem abreviacoes, preferencialmente pelo nome oficial",E permitido usar nomes de pessoas para identificar componentes do endereco,O ponto de referencia e obrigatorio quando nao ha numero ou complemento que localize o endereco,"O CEP pode estar associado a uma localidade, logradouro ou ate uma unica edificacao",O complemento diferencia unidades que compartilham a mesma numeracao no logradouro,B,"E vedado identificar pessoas nos componentes do endereco, por sigilo estatistico."
53,Censo,Endereco e Coordenadas Geograficas,Apostila - Cap. 11 e 12,"Nas areas rurais, a captura de coordenadas geograficas deve ser feita:","Automaticamente pelo sistema, sem interferencia do recenseador","Manualmente, com o recenseador posicionado no local correto",Apenas por tecnicos da Diretoria de Geociencias,Somente uma vez por municipio,E dispensavel em setores rurais,B,"A captura em areas rurais e manual, feita pelo recenseador posicionado idealmente na entrada da sede do estabelecimento."
54,Censo,Endereco e Coordenadas Geograficas,Apostila - Cap. 11 e 12,A Longitude e medida a partir de qual referencia?,Linha do Equador,Tropico de Capricornio,Meridiano de Greenwich,Polo Sul,Circulo Polar Artico,C,"A longitude e medida a partir do Meridiano de Greenwich, variando de 0 a 180 graus, Leste ou Oeste."
55,Censo,Endereco e Coordenadas Geograficas,Apostila - Cap. 11 e 12,"O componente do endereco que complementa a informacao de numero e modificador, diferenciando unidades com a mesma posicao no logradouro, e chamado de:",Localidade,CEP,Ponto de referencia,Complemento,Geocodigo,D,"O Complemento (lote, gleba, casa, fundos etc.) diferencia unidades que compartilham numero no logradouro."
56,Censo,Endereco e Coordenadas Geograficas,Apostila - Cap. 11 e 12,O uso de ponto de referencia no endereco e obrigatorio quando:,O informante recusa dar o endereco completo,O endereco nao possui numero ou complemento que permita sua localizacao,O CEP e desconhecido,O recenseador prefere nao anotar o logradouro,Ha mais de uma edificacao no terreno,B,O ponto de referencia e obrigatorio nos casos em que o endereco nao tem numero ou complemento que o localize.
57,Censo,"Estabelecimento agropecuario, subsistencia e produtores sem area",Apostila - Cap. 13 e 14,Um estabelecimento agropecuario e caracterizado independentemente de:,Apenas do tamanho,Apenas da forma juridica,"Tamanho, forma juridica, localizacao e valor da producao",Apenas de estar em area rural,Apenas de ter CNPJ,C,"O conceito de estabelecimento agropecuario independe de tamanho, forma juridica, localizacao ou valor de producao."
58,Censo,"Estabelecimento agropecuario, subsistencia e produtores sem area",Apostila - Cap. 13 e 14,A criacao exclusiva de caes e gatos em uma propriedade e:,"Sempre recenseavel, como atividade pecuaria",Recenseavel apenas se houver mais de 10 animais,Nao recenseavel,Recenseavel somente em area rural,Recenseavel se o proprietario autorizar,C,"Criacao exclusiva de caes, gatos e passaros nao e considerada atividade agropecuaria."
59,Censo,"Estabelecimento agropecuario, subsistencia e produtores sem area",Apostila - Cap. 13 e 14,A definicao de uma propriedade como 'recenseavel' ou nao e feita:,"Pelo Agente Censitario Regional, antes da visita",Pelo questionario de abordagem inicial aplicado pelo Recenseador,"Exclusivamente pelo supervisor, por telefone",Pela observacao visual do Recenseador atraves da cerca,Pela prefeitura do municipio,B,"A classificacao ocorre pelo questionario de abordagem inicial, nunca por decisao direta e visual do recenseador."
60,Censo,"Estabelecimento agropecuario, subsistencia e produtores sem area",Apostila - Cap. 13 e 14,'Producao de subsistencia' e aquela:,Destinada exclusivamente a exportacao,"Voltada para atender as necessidades vitais do produtor e da familia, podendo eventualmente ser comercializada em parte",Sempre destinada 100% a venda,Que nunca pode ser comercializada,Restrita a grandes propriedades,B,"A producao de subsistencia atende as necessidades vitais do produtor/familia, podendo ter parte comercializada."
61,Censo,"Estabelecimento agropecuario, subsistencia e produtores sem area",Apostila - Cap. 13 e 14,"Um apicultor que instala colmeias em matas de terceiros, sem area propria, e classificado como:",Nao recenseavel,"Produtor sem area, devendo ser recenseado normalmente",Estabelecimento industrial,Situacao irregular que impede a coleta,Caso exclusivo de PCT,B,"Produtores sem area propria, como apicultores em matas de terceiros, sao recenseados normalmente."
62,Censo,"Estabelecimento agropecuario, subsistencia e produtores sem area",Apostila - Cap. 13 e 14,A criacao de animais destinados a producao de soros e vacinas e considerada:,Atividade agropecuaria recenseavel normalmente,Atividade NAO recenseavel,Atividade recenseavel apenas se em area rural,Atividade de subsistencia,Produtor sem area,B,"Animais destinados a experiencias de laboratorio, soros e vacinas nao sao considerados atividade agropecuaria."
63,Censo,"Estabelecimento agropecuario, subsistencia e produtores sem area",Apostila - Cap. 13 e 14,O pesque-pague e considerado estabelecimento agropecuario quando:,Ha apenas compra de peixes ja criados para revenda,Ha criacao e engorda de peixes no local,O local tem menos de 1 hectare,O dono mora na sede,Nunca e considerado estabelecimento,B,O pesque-pague so e estabelecimento agropecuario se houver efetivamente criacao e engorda de peixes.
64,Censo,Situacoes especiais,Apostila - Cap. 15,"Em um confinamento de gado (boitel) so com animais de terceiros, sem rebanho proprio nem outra atividade:",E sempre um estabelecimento agropecuario independente,Nao e considerado estabelecimento agropecuario; os animais sao contados no estabelecimento dos respectivos donos,E considerado propriedade industrial,Deve ser recenseado como produtor sem area,E excluido do Censo sem necessidade de registro,B,"Sem animais proprios nem outra atividade, o boitel nao e estabelecimento; os animais sao contados no estabelecimento do dono."
65,Censo,Situacoes especiais,Apostila - Cap. 15,"Para que areas nao continuas sejam um unico estabelecimento, e necessario atender simultaneamente a quantas condicoes?",2,3,4,5,6,C,"As 4 condicoes sao: mesmo municipio, mesmos recursos tecnicos, mesmo pessoal e mesma administracao."
66,Censo,Situacoes especiais,Apostila - Cap. 15,"Quando ha disputa judicial (litigio) sobre um estabelecimento, considera-se como produtor:",O herdeiro mais velho,Quem residir na sede,"A pessoa que, na data de referencia, era responsavel economicamente pela exploracao","O inventariante, obrigatoriamente",Ninguem; a area fica fora do censo,C,"Em litigio, considera-se produtor quem era responsavel economicamente pela exploracao na data de referencia."
67,Censo,Situacoes especiais,Apostila - Cap. 15,O conceito de 'Sede' e usado para definir:,O local de moradia de qualquer trabalhador rural,Em qual setor/municipio recensear um estabelecimento cuja area cruza mais de um setor,A capital do estado,O orgao fiscalizador do censo,A localizacao da Superintendencia Estadual,B,A Sede define onde recensear um estabelecimento cuja area se estenda por mais de um setor ou municipio.
68,Censo,Situacoes especiais,Apostila - Cap. 15,Estabelecimentos que nao tiveram producao durante o periodo de referencia (mas existiam na data de referencia):,Nao devem ser recenseados,"Devem ser recenseados, registrando o motivo da ausencia de producao",Sao automaticamente excluidos pelo sistema,So sao recenseados se tiverem mais de 50 ha,Devem aguardar o proximo censo,B,"Devem ser recenseados, com o motivo da ausencia de producao registrado no campo Observacoes do DMC."
69,Censo,Situacoes especiais,Apostila - Cap. 15,"Em uma propriedade rural onde um mesmo produtor explora areas de diferentes proprietarios (por aluguel, parceria ou comodato), pode-se considerar:","Sempre estabelecimentos separados, um por proprietario","Um unico estabelecimento agropecuario, se atendidas as condicoes necessarias",Situacao irregular que impede o censo,Um caso exclusivo de exploracao comunitaria,Um caso que exige suspensao da coleta,B,"Mais de uma propriedade rural pode formar um unico estabelecimento agropecuario, atendidas as condicoes de mesma unidade de exploracao."
70,Censo,Situacoes especiais,Apostila - Cap. 15,Quando areas nao continuas de um mesmo produtor estao totalmente localizadas em municipios diferentes:,Formam sempre um unico estabelecimento,Cada uma sera considerada um estabelecimento agropecuario diferente,Ficam automaticamente fora do censo,"Sao registradas apenas no municipio da sede, ignorando a outra",Devem ser somadas sem distincao de municipio,B,"Areas totalmente em municipios distintos sao tratadas como estabelecimentos diferentes, evitando duplicidade de dados."
71,Jornalismo,Comunicacao e jornalismo: modelos teoricos e processos de significacao,Edital 1,O modelo de Lasswell resume o processo comunicacional na formula:,Emissor-mensagem-ruido,"Quem diz o que, em que canal, para quem, com que efeito",Significante e significado,Codificacao e decodificacao apenas,Estimulo-resposta behaviorista,B,"O modelo funcionalista de Lasswell resume o processo em: quem diz o que, em que canal, para quem, com que efeito."
72,Jornalismo,Comunicacao e jornalismo: modelos teoricos e processos de significacao,Edital 1,"Na semiotica de Saussure, o signo linguistico e composto por:",Fonte e canal,Significante e significado,Emissor e receptor,"Icone, indice e simbolo",Ruido e redundancia,B,"Para Saussure, o signo linguistico une significante (forma) e significado (conceito)."
73,Jornalismo,Comunicacao e jornalismo: modelos teoricos e processos de significacao,Edital 1,A Teoria da Recepcao / Estudos Culturais destaca que:,O publico e uma massa passiva e homogenea,"O receptor participa ativamente da producao de sentido, a partir de seu repertorio cultural",A mensagem tem sempre um unico significado possivel,O emissor controla totalmente o efeito da mensagem,A comunicacao e sempre unidirecional,B,Os Estudos Culturais e a Teoria da Recepcao entendem o receptor como ativo na producao de sentido.
74,Jornalismo,Articulacao dos codigos comunicacionais nas novas midias,Edital 1.1,"O conceito de 'convergencia midiatica', segundo Henry Jenkins, refere-se a:",A extincao definitiva das midias tradicionais,"O fluxo de conteudos atraves de multiplas plataformas, a cooperacao entre mercados midiaticos e a migracao dos publicos",A juncao fisica de uma emissora de TV e uma de radio apenas,A fusao obrigatoria de empresas de comunicacao,O uso exclusivo de redes sociais para difundir noticias,B,"Jenkins define convergencia como fluxo de conteudo entre plataformas, cooperacao de mercados e migracao de publicos."
75,Jornalismo,Articulacao dos codigos comunicacionais nas novas midias,Edital 1.1,"A navegacao nao linear entre conteudos, por meio de links, e chamada de:",Multimidialidade,Hipertextualidade,Instantaneidade,Personalizacao,Memoria,B,Hipertextualidade e a possibilidade de navegar de forma nao linear por meio de links entre conteudos.
76,Jornalismo,Articulacao dos codigos comunicacionais nas novas midias,Edital 1.1,"A integracao de texto, imagem, video e audio em uma mesma reportagem digital caracteriza:",Interatividade,Multimidialidade,Hipertextualidade,Convergencia de mercado apenas,Redundancia,B,"Multimidialidade e a integracao de diferentes linguagens (texto, imagem, video, audio) em uma mesma peca jornalistica."
77,Jornalismo,Formas de jornalismo e seu papel no mundo global,Edital 1.2,"O radiojornalismo se caracteriza, entre outros aspectos, por:",Uso exclusivo de texto escrito,"Linguagem oral, imediatismo e uso de sonoras/boletins",Ausencia de qualquer imediatismo,Dependencia exclusiva de imagens,Baixa penetracao em areas remotas,B,"O radiojornalismo se apoia na linguagem oral, no imediatismo e no uso de sonoras, boletins e flashes."
78,Jornalismo,Formas de jornalismo e seu papel no mundo global,Edital 1.2,O jornalismo comunitario tem como caracteristica central:,Cobrir exclusivamente pautas internacionais,"Dar voz a demandas e grupos locais, com participacao popular",Ser financiado apenas por grandes conglomerados,Ignorar pautas hiperlocais,Substituir o telejornalismo tradicional,B,O jornalismo comunitario valoriza pautas hiperlocais e da voz a grupos pouco representados na grande midia.
79,Jornalismo,Formas de jornalismo e seu papel no mundo global,Edital 1.2,O documentario jornalistico se distingue por:,Ser sempre ao vivo e sem edicao,Apuracao aprofundada e uso de recursos de linguagem cinematografica para dar contexto e profundidade,Ausencia total de apuracao,Ser exclusivo de radio,Ter formato fixo de 30 segundos,B,O documentario combina apuracao aprofundada com recursos de linguagem cinematografica para contextualizar o fato.
80,Jornalismo,Perfil do jornalismo com o advento das novas tecnologias,Edital 1.3,"Com o advento das novas tecnologias, o perfil do jornalista passou a exigir, entre outras habilidades:",Exclusivamente dominio de maquina de escrever,"Multifuncionalidade (apuracao, edicao de audio/video, publicacao multiplataforma) e curadoria de informacao",Isolamento total das redes sociais,Dependencia exclusiva de agencias de noticias estrangeiras,Abandono da checagem de fontes,B,"O jornalista contemporaneo tende a ser multifuncional, dominando apuracao, edicao multimidia e curadoria de conteudo."
81,Jornalismo,Perfil do jornalismo com o advento das novas tecnologias,Edital 1.3,Um risco associado ao jornalismo praticado em redes sociais e:,Excesso de apuracao,"A potencial disseminacao de desinformacao, dado o imediatismo e a logica de viralizacao",Ausencia de qualquer engajamento do publico,Impossibilidade de checagem colaborativa,Baixo alcance de publico,B,O imediatismo e a logica de viralizacao das redes sociais aumentam o risco de disseminacao de desinformacao.
82,Jornalismo,Perfil do jornalismo com o advento das novas tecnologias,Edital 1.3,"O fenomeno pelo qual o jornalista precisa produzir conteudo simultaneamente para diferentes suportes (texto, video, audio, redes) e chamado de:",Jornalismo monomidia,Jornalismo multiplataforma (ou multimidia),Jornalismo impresso classico,Radiojornalismo exclusivo,Jornalismo de gabinete,B,O jornalismo multiplataforma/multimidia exige producao de conteudo adaptado a diferentes suportes simultaneamente.
83,Jornalismo,Perfil da propaganda institucional e educativa,Edital 1.4,A propaganda institucional tem como foco principal:,Vender diretamente um produto,"Promover a imagem, valores e identidade de uma organizacao",Substituir a assessoria de imprensa,Divulgar exclusivamente resultados financeiros,Atacar a concorrencia,B,"A propaganda institucional promove a imagem, os valores e a identidade da organizacao, nao um produto especifico."
84,Jornalismo,Perfil da propaganda institucional e educativa,Edital 1.4,A propaganda educativa tem como principal finalidade:,Vender produtos privados,"Informar, orientar e/ou mudar comportamentos de interesse publico",Fazer campanha eleitoral,Divulgar exclusivamente marcas comerciais,Substituir o jornalismo investigativo,B,"A propaganda educativa busca informar, orientar ou mudar comportamentos de interesse coletivo."
85,Jornalismo,Perfil da propaganda institucional e educativa,Edital 1.4,Uma campanha do IBGE incentivando a populacao a responder ao Censo com dados corretos e um exemplo de:,Propaganda comparativa,Propaganda institucional/educativa de utilidade publica,Publicidade de produto,Marketing de guerrilha comercial,Propaganda eleitoral,B,Campanhas de orgaos publicos que informam e orientam o cidadao sobre um servico de interesse coletivo sao propaganda institucional/educativa.
86,Jornalismo,"Comunicacao publica: LAI, transparencia, interesse publico e democracia",Edital 1.5,"Segundo a LAI (Lei no 12.527/2011), a regra geral e:","O sigilo e a regra, e a publicidade e a excecao","A publicidade e a regra, e o sigilo e a excecao",Toda informacao publica e sempre sigilosa,Apenas jornalistas credenciados podem solicitar informacoes,Nao ha prazos para resposta aos pedidos,B,"A LAI inverte a logica anterior: a publicidade e a regra, e o sigilo, a excecao."
87,Jornalismo,"Comunicacao publica: LAI, transparencia, interesse publico e democracia",Edital 1.5,"'Transparencia ativa', no ambito da LAI, significa que:",O orgao so responde quando solicitado,"O orgao divulga proativamente informacoes de interesse coletivo, independentemente de solicitacao",E facultativo aos orgaos publicos divulgar qualquer dado,Refere-se apenas a dados orcamentarios,E sinonimo de sigilo total,B,"Transparencia ativa e a divulgacao proativa de informacoes de interesse coletivo, sem que haja pedido formal."
88,Jornalismo,"Comunicacao publica: LAI, transparencia, interesse publico e democracia",Edital 1.5,A comunicacao publica se diferencia da comunicacao governamental de carater pessoal porque:,"E voltada ao interesse coletivo e ao exercicio da cidadania, nao a promocao pessoal do governante",Tem como unico objetivo eleger candidatos,Nao pode usar nenhum canal de midia,E proibida por lei,E identica a publicidade comercial,A,"A comunicacao publica serve ao interesse coletivo e a cidadania, diferindo da promocao pessoal de um governante."
89,Jornalismo,"Jornalismo de dados: raspagem, limpeza e visualizacao",Edital 1.6,"A 'raspagem de dados' (web scraping), no jornalismo de dados, refere-se a:",A limpeza manual de planilhas,A coleta automatizada de dados de sites e sistemas quando nao ha base pronta,A visualizacao final dos dados em graficos,A checagem de fontes humanas,A publicacao de dados sigilosos,B,Web scraping e a tecnica de coleta automatizada de dados de sites/sistemas quando nao existe base pronta para download.
90,Jornalismo,"Jornalismo de dados: raspagem, limpeza e visualizacao",Edital 1.6,A etapa de 'limpeza de dados' no jornalismo de dados tem como objetivo:,Publicar os dados sem qualquer tratamento,"Tratar inconsistencias, duplicidades e erros de formato antes da analise",Excluir toda a base de dados coletada,Substituir a apuracao jornalistica,Gerar automaticamente a manchete,B,"A limpeza de dados trata inconsistencias, duplicidades e erros de formatacao antes da analise dos dados."
91,Jornalismo,"Jornalismo de dados: raspagem, limpeza e visualizacao",Edital 1.6,A visualizacao de dados no jornalismo tem como principal funcao:,Substituir integralmente o texto da reportagem,"Tornar dados complexos mais acessiveis por meio de graficos, mapas e infograficos",Ocultar informacoes sensiveis,Aumentar artificialmente o volume de uma base de dados,Eliminar a necessidade de apuracao previa,B,"A visualizacao (data storytelling) transforma numeros em graficos, mapas e infograficos que comuniquem com clareza."
92,Jornalismo,"Comunicacao cidada: colaborativo, financiamento coletivo, copyleft, narrativas independentes",Edital 1.7,"O modelo de licenciamento que permite copiar/redistribuir conteudo, geralmente exigindo a manutencao da mesma licenca livre, e:",Copyright,Copyleft,Paywall,Embargo,Sigilo editorial,B,"Copyleft permite copiar, usar e redistribuir conteudo, geralmente exigindo a manutencao da mesma licenca livre."
93,Jornalismo,"Comunicacao cidada: colaborativo, financiamento coletivo, copyleft, narrativas independentes",Edital 1.7,O financiamento de projetos jornalisticos diretamente pelo publico e conhecido como:,Jornalismo de dados,Financiamento coletivo (crowdfunding),Assessoria de imprensa,Clipping,Transparencia ativa,B,"Crowdfunding e o financiamento coletivo de projetos jornalisticos diretamente pelo publico, sem depender so de publicidade."
94,Jornalismo,"Comunicacao cidada: colaborativo, financiamento coletivo, copyleft, narrativas independentes",Edital 1.7,O jornalismo colaborativo se caracteriza por:,"Producao exclusiva de profissionais, sem qualquer participacao do publico","Producao conjunta entre jornalistas e cidadaos/fontes, muitas vezes em rede",Ser sinonimo de propaganda institucional,Uso exclusivo de fontes oficiais,Ausencia de checagem,B,"O jornalismo colaborativo envolve producao conjunta entre profissionais e cidadaos/fontes, muitas vezes em rede."
95,Jornalismo,Politica editorial,Edital 2,A politica editorial de um veiculo se refere a:,Apenas ao design grafico das paginas,Ao conjunto de diretrizes que orienta a linha de cobertura e hierarquizacao das pautas,A grade de programacao de TV,Exclusivamente aos contratos publicitarios,A gestao financeira da empresa,B,Politica editorial e o conjunto de diretrizes que orienta a linha de cobertura e a hierarquizacao de pautas de um veiculo.
96,Jornalismo,Politica editorial,Edital 2,A hierarquizacao de pautas dentro de uma politica editorial serve para:,Definir qual assunto e mais relevante e merece mais espaco/destaque na cobertura,Estabelecer apenas o horario de expediente da redacao,Definir o salario dos jornalistas,Escolher apenas a cor do logotipo do veiculo,Cancelar toda cobertura factual,A,"A hierarquizacao define a relevancia relativa dos assuntos, orientando espaco e destaque na cobertura."
97,Jornalismo,Editoriais (tipos comuns e especiais),Edital 2.1,O editorial de um jornal se caracteriza por:,Ser assinado obrigatoriamente por um reporter especifico,"Expressar a posicao oficial e institucional do veiculo, sem assinatura individual",Ser sempre uma reportagem investigativa,Nao expressar nenhuma opiniao,Ser exclusivo de veiculos digitais,B,"O editorial expressa a posicao institucional do veiculo, sem assinatura de um autor individual."
98,Jornalismo,Editoriais (tipos comuns e especiais),Edital 2.1,Um editorial de efemeride ou de balanco/retrospectiva e classificado como um tipo:,"Comum, ligado a cobertura diaria de politica","Especial, ligado a uma data ou momento especifico",Reportagem investigativa,Nota oficial,Release institucional,B,"Editoriais de efemeride, balanco ou repudio/apoio a um fato especifico sao classificados como tipos especiais."
99,Jornalismo,Reportagem (tipos) e entrevista (modalidades),Edital 2.2,A reportagem investigativa tem como caracteristica central:,"Revelar fatos ocultos de relevante interesse publico, a partir de apuracao aprofundada",Ser sempre curta e sem apuracao,Reproduzir apenas releases oficiais,Nao usar multiplas fontes,Ser sinonimo de nota factual,A,"A reportagem investigativa revela fatos ocultos de interesse publico, com apuracao aprofundada e multiplas fontes."
100,Jornalismo,Reportagem (tipos) e entrevista (modalidades),Edital 2.2,A entrevista em formato 'pingue-pongue' caracteriza-se por:,"Ser publicada em formato de pergunta e resposta, na integra",Ser resumida em uma unica frase,Nao ter perguntas do jornalista,Ser sempre feita por telefone,Ser exclusiva de radio,A,O pingue-pongue apresenta a entrevista integralmente em formato de pergunta e resposta.
101,Jornalismo,Reportagem (tipos) e entrevista (modalidades),Edital 2.2,Uma 'entrevista de perfil' busca principalmente:,Coletar dados estatisticos,Construir a personalidade e a trajetoria do entrevistado de forma aprofundada,Divulgar um produto comercial,Ser um texto curto sem contexto,Substituir a reportagem factual,B,"A entrevista de perfil constroi, de forma aprofundada, a personalidade e trajetoria do entrevistado."
102,Jornalismo,Titulacao,Edital 2.3,"Em manuais de redacao jornalistica, o tempo verbal preferencial para titulos e:",Preterito perfeito,"Presente do indicativo, para dar sensacao de atualidade",Futuro do subjuntivo,Preterito mais-que-perfeito,Gerundio exclusivamente,B,"O presente do indicativo e o tempo verbal preferencial em titulos, por dar sensacao de atualidade."
103,Jornalismo,Titulacao,Edital 2.3,"Um bom titulo jornalistico deve, sobretudo:","Ser ambiguo, para gerar curiosidade a qualquer custo","Ser claro, objetivo e informativo, evitando ambiguidade e sensacionalismo",Conter jargoes tecnicos complexos,Repetir integralmente o primeiro paragrafo do texto,Ser sempre uma pergunta retorica,B,"O titulo deve ser claro, objetivo e informativo, evitando ambiguidade, jargao e sensacionalismo."
104,Jornalismo,O texto jornalistico: estrutura da noticia,Edital 2.4,A estrutura da 'piramide invertida' na noticia significa que:,A informacao mais importante e apresentada por ultimo,"A informacao mais importante vem primeiro, seguida de detalhes em ordem decrescente de relevancia",O texto deve ser sempre em ordem cronologica estrita,Nao ha hierarquizacao de informacoes,O titulo vem sempre no final do texto,B,"Na piramide invertida, a informacao mais importante vem primeiro, com detalhes em ordem decrescente de relevancia."
105,Jornalismo,O texto jornalistico: estrutura da noticia,Edital 2.4,"O lide (lead) de uma noticia deve, geralmente, responder a:",Apenas 'quem' e 'quando',"O que, quem, quando, onde, como e por que",Somente dados estatisticos,Exclusivamente a opiniao do reporter,Apenas ao 'onde',B,"O lide responde classicamente as perguntas: o que, quem, quando, onde, como e por que."
106,Jornalismo,O texto jornalistico: estrutura da noticia,Edital 2.4,Uma caracteristica central do texto jornalistico informativo e:,A presenca constante de opiniao pessoal do autor,A objetividade e clareza na apresentacao dos fatos apurados,O uso de linguagem rebuscada e prolixa,A ausencia de qualquer estrutura,A obrigatoriedade de rimas,B,O texto jornalistico informativo busca objetividade e clareza na apresentacao dos fatos apurados.
107,Jornalismo,Numeros e siglas,Edital 2.5,"Segundo convencoes usuais de manuais de redacao, numeros de 1 a 9 devem ser escritos:",Sempre em algarismos,"Por extenso, geralmente",Sempre em romanos,Nunca devem aparecer no texto,Apenas em titulos,B,"A convencao usual em manuais de redacao e escrever numeros de 1 a 9 por extenso, e a partir de 10 em algarismos."
108,Jornalismo,Numeros e siglas,Edital 2.5,"Sobre o uso de siglas em texto jornalistico, a pratica usual recomenda:",Nunca explicar o significado de uma sigla,"Na primeira mencao, explicar a sigla por extenso, facilitando a compreensao do leitor",Usar sempre letras minusculas em qualquer sigla,"Evitar completamente o uso de siglas, mesmo as consagradas",Trocar a sigla a cada nova mencao no texto,B,"A pratica usual e explicar a sigla por extenso na primeira mencao, para orientar o leitor."
109,Jornalismo,Uso correto dos verbos,Edital 2.6,"O uso de verbos de elocucao (como 'disse', 'afirmou') em uma materia serve para:",Confundir a autoria da fala,"Atribuir corretamente a fala a fonte, evitando que a opiniao dela pareca do veiculo",Substituir a apuracao,Eliminar a necessidade de aspas,Indicar que o fato nao e verdadeiro,B,"Verbos de elocucao atribuem corretamente a fala a fonte, evitando confundir a opiniao dela com a do veiculo."
110,Jornalismo,Uso correto dos verbos,Edital 2.6,"Na redacao jornalistica, a concordancia verbal correta e a clareza na conjugacao dos tempos verbais sao importantes principalmente para:",Tornar o texto mais dificil de entender,Garantir precisao e credibilidade na transmissao da informacao ao leitor,Seguir apenas uma exigencia estetica sem funcao pratica,Aumentar artificialmente o numero de palavras do texto,Substituir a necessidade de apuracao factual,B,"O uso correto dos verbos garante precisao e credibilidade na transmissao da informacao, evitando ambiguidades."
111,Jornalismo,Comunicacao organizacional integrada: areas e atribuicoes,Edital 3,O objetivo central da comunicacao organizacional integrada e:,"Manter cada area de comunicacao isolada, sem qualquer dialogo",Articular as diferentes areas de comunicacao para que atuem de forma coerente com a identidade institucional,Substituir totalmente a assessoria de imprensa pela publicidade,Focar exclusivamente em comunicacao interna,Eliminar a necessidade de politicas de comunicacao,B,A comunicacao organizacional integrada articula as diferentes areas para atuarem de forma coerente com a identidade institucional.
112,Jornalismo,Comunicacao organizacional integrada: areas e atribuicoes,Edital 3,A comunicacao interna e voltada principalmente para:,A imprensa externa,Os proprios colaboradores da organizacao,Concorrentes do mercado,Orgaos reguladores exclusivamente,Apenas acionistas,B,"A comunicacao interna e direcionada aos proprios colaboradores, buscando informar e alinhar a cultura organizacional."
113,Jornalismo,Comunicacao organizacional integrada: areas e atribuicoes,Edital 3,"O termo 'stakeholders', no contexto da comunicacao institucional, refere-se a:",Apenas os acionistas da empresa,Os diversos publicos de interesse (internos e externos) que se relacionam com a organizacao,Somente jornalistas,Somente concorrentes,Somente o governo,B,"Stakeholders sao os diversos publicos de interesse, internos e externos, que se relacionam com a organizacao."
114,Jornalismo,"Politicas de Comunicacao: valores, objetivos, diretrizes e procedimentos",Edital 3.1,"Uma 'Politica de Comunicacao' formaliza, entre outros elementos:",Apenas a identidade visual da marca,"Valores, objetivos, diretrizes e procedimentos de comunicacao",Exclusivamente o organograma de RH,Somente o plano de midia paga,Apenas o cronograma de ferias da equipe,B,"A Politica de Comunicacao formaliza valores, objetivos, diretrizes e procedimentos de comunicacao da organizacao."
115,Jornalismo,"Politicas de Comunicacao: valores, objetivos, diretrizes e procedimentos",Edital 3.1,"'Procedimentos', dentro de uma Politica de Comunicacao, dizem respeito a:",Valores abstratos da organizacao,"Fluxos praticos e responsabilidades, como quem autoriza a divulgacao de uma nota oficial",Apenas ao logotipo da instituicao,Exclusivamente a publicidade paga,Ao historico da fundacao da empresa,B,"Procedimentos sao fluxos praticos e responsabilidades operacionais, como a autorizacao de uma nota oficial."
116,Jornalismo,"Politicas de Comunicacao: valores, objetivos, diretrizes e procedimentos",Edital 3.1,As 'diretrizes' de uma Politica de Comunicacao representam:,Regras contabeis da empresa,Linhas gerais de atuacao que orientam as acoes de comunicacao da organizacao,Apenas o cronograma de eventos sociais,A lista de fornecedores de midia,O quadro de horarios da equipe,B,As diretrizes sao as linhas gerais de atuacao que orientam as acoes de comunicacao da organizacao.
117,Jornalismo,Assessoria de imprensa: questoes eticas e papel do assessor (publico e privado),Edital 4,"Uma responsabilidade adicional do assessor de imprensa em orgaos publicos, em comparacao com a iniciativa privada, e:",Focar exclusivamente na venda de produtos,Garantir transparencia e acesso a informacao de interesse coletivo,Evitar qualquer contato com a imprensa,"Divulgar apenas informacoes favoraveis ao gestor, mesmo que parciais",Ignorar a Lei de Acesso a Informacao,B,"No setor publico, o assessor tem a responsabilidade adicional de garantir transparencia e acesso a informacao de interesse coletivo."
118,Jornalismo,Assessoria de imprensa: questoes eticas e papel do assessor (publico e privado),Edital 4,"Do ponto de vista etico, o assessor de imprensa deve:","Manipular dados para favorecer a imagem da instituicao, mesmo que distorca fatos","Mediar com transparencia a relacao entre a fonte e os jornalistas, respeitando o interesse publico",Impedir sempre o acesso da imprensa as fontes,Fornecer informacoes falsas quando conveniente,Ignorar o direito de resposta,B,"Eticamente, o assessor media com transparencia a relacao fonte-jornalista, respeitando o interesse publico e o direito de resposta."
119,Jornalismo,Assessoria de imprensa: questoes eticas e papel do assessor (publico e privado),Edital 4,"Na iniciativa privada, o papel do assessor de imprensa tende a se concentrar principalmente em:",Garantir exclusivamente o cumprimento da Lei de Acesso a Informacao,Reputacao da marca e relacionamento comercial/institucional com a imprensa,Fiscalizar o uso de verbas publicas,Substituir integralmente o departamento juridico da empresa,Redigir exclusivamente contratos comerciais,B,"No setor privado, o assessor foca principalmente na reputacao da marca e no relacionamento comercial com a imprensa."
120,Jornalismo,"Perfil do profissional de assessoria: exigencias, dados e pesquisa complementar",Edital 4.1,"No perfil exigido do assessor de imprensa, e importante:",Desconhecer completamente o funcionamento das redacoes,"Ter capacidade de leitura e cruzamento de dados, mapas, graficos e indicadores numericos",Evitar qualquer pesquisa complementar,Ignorar a politica editorial dos veiculos,Restringir-se apenas a redacao de convites de eventos,B,"O perfil exigido inclui capacidade de leitura e cruzamento de dados, mapas, graficos e indicadores numericos."
121,Jornalismo,"Perfil do profissional de assessoria: exigencias, dados e pesquisa complementar",Edital 4.1,"A pesquisa complementar em livros, textos e outras fontes, por parte do assessor de imprensa, tem como objetivo:",Substituir a apuracao jornalistica do repórter,Embasar com mais profundidade e precisao as informacoes divulgadas,Aumentar artificialmente o tamanho de um release,Evitar qualquer contato com fontes primarias,Confundir o jornalista com excesso de dados,B,A pesquisa complementar embasa com mais profundidade e precisao as informacoes que a assessoria divulga.
122,Jornalismo,"Perfil do profissional de assessoria: exigencias, dados e pesquisa complementar",Edital 4.1,"Alem de boa redacao, uma exigencia central do perfil do assessor de imprensa e:",Capacidade de sintese e conhecimento do funcionamento das redacoes jornalisticas,Formacao exclusiva em direito tributario,Habilidade unica em programacao de sistemas,Desconhecimento proposital das pautas do veiculo,Foco exclusivo em midias impressas,A,O perfil do assessor exige capacidade de sintese e conhecimento de como as redacoes jornalisticas funcionam.
123,Jornalismo,Veiculos de comunicacao internos e externos,Edital 4.2,O 'house organ' e:,Um tipo de release exclusivo para a imprensa externa,Uma publicacao institucional voltada ao publico interno e/ou externo da organizacao,Sinonimo de clipping eletronico,Um formato de entrevista coletiva,Um instrumento de fiscalizacao do governo,B,House organ e a publicacao institucional (impressa ou digital) voltada ao publico interno e/ou externo.
124,Jornalismo,Veiculos de comunicacao internos e externos,Edital 4.2,"A newsletter, como veiculo de comunicacao, caracteriza-se por:","Ser um boletim periodico, geralmente enviado por e-mail",Ser exclusiva de midia impressa em grande formato,Substituir totalmente o site institucional,Ser proibida em orgaos publicos,Nao poder ter periodicidade definida,A,"Newsletter e um boletim periodico, tipicamente distribuido por e-mail, com atualizacoes institucionais."
125,Jornalismo,Veiculos de comunicacao internos e externos,Edital 4.2,"Uma revista institucional, como veiculo de comunicacao externo, tem como funcao principal:",Substituir a comunicacao interna da empresa,Aprofundar conteudos e fortalecer a imagem da organizacao junto a publicos externos,Servir apenas como material de RH,Ser usada exclusivamente para fins fiscais,Divulgar apenas balancetes financeiros,B,A revista institucional aprofunda conteudos e fortalece a imagem da organizacao perante publicos externos.
126,Jornalismo,Clipping e clipping eletronico,Edital 4.3,O 'clipping eletronico' se diferencia do clipping tradicional por:,"Ser feito manualmente, recortando jornais impressos",Ser realizado por meio de monitoramento e compilacao automatizada/digital de mencoes a organizacao,Nao incluir mencoes em sites e redes sociais,Ser exclusivo de emissoras de radio,Substituir totalmente a assessoria de imprensa,B,O clipping eletronico usa monitoramento automatizado/digital para compilar mencoes a organizacao em diferentes veiculos.
127,Jornalismo,Clipping e clipping eletronico,Edital 4.3,"O clipping, de forma geral, tem como principal utilidade:",Redigir novas pautas para a imprensa,"Compilar e organizar as materias ja publicadas sobre a organizacao, permitindo acompanhar sua repercussao",Substituir a producao de releases,Definir a politica editorial do veiculo,Eliminar a necessidade de monitoramento de midia,B,"O clipping compila as materias publicadas sobre a organizacao, permitindo acompanhar sua repercussao na midia."
128,Jornalismo,"Producao de releases, comunicados e notas oficiais",Edital 4.4,"O release jornalistico deve, preferencialmente:",Conter opinioes pessoais do assessor,"Seguir estrutura semelhante a noticia, com lide e informacoes objetivas, sem opiniao",Ser sempre confidencial e nunca enviado a imprensa,Substituir a apuracao do jornalista,Ser escrito em primeira pessoa como um diario,B,"O release segue estrutura semelhante a noticia (lide, piramide invertida), com informacoes objetivas e sem opiniao."
129,Jornalismo,"Producao de releases, comunicados e notas oficiais",Edital 4.4,A 'nota oficial' se caracteriza por:,Ser uma manifestacao pessoal de um funcionario qualquer,"Ser uma manifestacao institucional formal, assinada em nome da organizacao, usada para esclarecer ou se posicionar sobre um fato",Nunca abordar temas polemicos,Ser sinonimo exato de release,Ser sempre anonima,B,"A nota oficial e manifestacao institucional formal, em nome da organizacao, para esclarecer ou se posicionar sobre um fato."
130,Jornalismo,"Producao de releases, comunicados e notas oficiais",Edital 4.4,A principal diferenca entre release e nota oficial e que:,"Nao ha diferenca, sao sinonimos","O release e proativo (sugestao de pauta), enquanto a nota oficial costuma ser reativa (posicionamento formal diante de uma demanda/crise)",A nota oficial e sempre mais longa que o release,O release nunca e enviado a imprensa,A nota oficial e assinada por um jornalista externo,B,"O release costuma ser proativo (sugestao de pauta) e a nota oficial reativa (posicionamento formal, muitas vezes em crise)."
131,Jornalismo,Midias Sociais: a Internet como ferramenta para construcao da marca,Edital 5,A construcao de marca por meio da internet se fortalece principalmente por meio de:,"Presenca digital consistente, com identidade visual e tom de voz coerentes ao longo do tempo","Publicacoes aleatorias, sem qualquer padrao",Ausencia total de interacao com o publico,Uso exclusivo de midia impressa,Mudanca de identidade visual a cada semana,A,"Uma marca se fortalece na internet por meio de presenca digital consistente, com identidade e tom de voz coerentes."
132,Jornalismo,Midias Sociais: a Internet como ferramenta para construcao da marca,Edital 5,"Em comparacao com a midia tradicional, as redes sociais como ferramenta de marca oferecem principalmente:","Canais diretos de relacionamento com o publico, sem intermediacao da midia tradicional",Menor alcance de publico em qualquer situacao,Impossibilidade de mensurar resultados,Comunicacao exclusivamente unidirecional,Nenhuma vantagem em relacao a midia tradicional,A,"As redes sociais permitem relacionamento direto com o publico, sem a intermediacao da midia tradicional."
133,Jornalismo,A importancia das redes sociais para as marcas,Edital 5.1,"Para uma marca, a principal importancia estrategica das redes sociais e:","Permitir relacionamento direto e mensuravel com o publico, fortalecendo reputacao e vendas",Servir apenas como arquivo de fotos institucionais,Eliminar a necessidade de qualquer estrategia de comunicacao,Substituir integralmente o atendimento ao cliente por telefone,Reduzir zero o investimento em comunicacao,A,"As redes sociais permitem relacionamento direto e mensuravel com o publico, fortalecendo reputacao e resultados de negocio."
134,Jornalismo,A importancia das redes sociais para as marcas,Edital 5.1,Redes sociais bem geridas contribuem para as marcas principalmente ao:,Fortalecer a percepcao de proximidade e confianca junto ao publico,Eliminar toda concorrencia do mercado automaticamente,Garantir vendas independentemente da qualidade do produto,Substituir a necessidade de atendimento ao cliente,Tornar desnecessaria qualquer pesquisa de publico,A,Uma boa gestao de redes sociais fortalece a percepcao de proximidade e confianca do publico com a marca.
135,Jornalismo,A interacao entre marcas digitais e o seu publico,Edital 5.2,Uma boa interacao entre marca e publico nas redes sociais envolve:,Ignorar comentarios e duvidas do publico,"Responder comentarios, ouvir feedback e ajustar a comunicacao conforme a percepcao do publico",Deletar automaticamente qualquer critica,Publicar apenas conteudo institucional sem interacao,Bloquear todos os seguidores que comentam,B,"A interacao vai alem de divulgar conteudo: envolve responder, ouvir feedback e ajustar a comunicacao."
136,Jornalismo,A interacao entre marcas digitais e o seu publico,Edital 5.2,A interacao entre marcas digitais e o publico se diferencia da comunicacao tradicional principalmente por ser:,"De mao unica, sem qualquer resposta do publico","Bidirecional, permitindo que o publico responda, comente e influencie a percepcao da marca em tempo real",Impossivel de ser monitorada,Restrita apenas a grandes empresas,Sempre negativa para a reputacao da marca,B,"A interacao digital e bidirecional: o publico pode responder, comentar e influenciar a percepcao da marca em tempo real."
137,Jornalismo,Construindo presenca e engajamento nas redes sociais,Edital 5.3,O 'engajamento' nas redes sociais e medido principalmente por:,Apenas o numero de seguidores,"Curtidas, comentarios, compartilhamentos e interacao real do publico com o conteudo",Exclusivamente o orcamento investido em midia paga,O numero de funcionarios da empresa,"A quantidade de posts publicados, independentemente da interacao",B,"Engajamento e medido por curtidas, comentarios, compartilhamentos e interacao real, nao apenas alcance."
138,Jornalismo,Construindo presenca e engajamento nas redes sociais,Edital 5.3,"Construir presenca consistente nas redes sociais envolve, entre outros fatores:",Publicar apenas uma vez por ano,Manter regularidade de publicacao e coerencia de tom de voz ao longo do tempo,Copiar integralmente o conteudo de concorrentes,Ignorar metricas de desempenho,"Focar exclusivamente em uma unica rede social, ignorando as demais sempre",B,Presenca consistente exige regularidade de publicacao e coerencia de tom de voz ao longo do tempo.
139,Jornalismo,Cenario atual da exploracao de redes sociais e midias interativas por empresas,Edital 5.4,"No cenario atual, empresas e orgaos publicos tendem a explorar as redes sociais principalmente para:",Substituir integralmente a comunicacao institucional formal,"Ampliar alcance, dialogar diretamente com o publico e fortalecer a reputacao de forma agil",Reduzir a zero qualquer investimento em comunicacao,Evitar qualquer tipo de mensuracao de resultados,Ignorar tendencias de consumo de midia,B,"Empresas e orgaos publicos usam redes sociais para ampliar alcance, dialogar com o publico e fortalecer reputacao de forma agil."
140,Jornalismo,Cenario atual da exploracao de redes sociais e midias interativas por empresas,Edital 5.4,"As midias interativas, no cenario atual, se caracterizam por:","Permitir participacao, resposta e producao de conteudo por parte do usuario, alem do consumo passivo","Restringir o usuario a consumo passivo, sem qualquer interacao",Serem exclusivas de emissoras de TV tradicionais,Nao permitirem qualquer mensuracao de audiencia,Serem incompativeis com dispositivos moveis,A,"Midias interativas permitem participacao, resposta e producao de conteudo pelo usuario, alem do consumo passivo."
141,Jornalismo,"Fundamentos, estrutura e tecnicas de redacao/edicao para midias digitais",Edital 5.5,Uma boa pratica na redacao para midias digitais e:,"Usar textos longos e sem subtitulos, sempre no mesmo formato para todos os canais","Adaptar formato e linguagem conforme o canal, com textos diretos e escaneaveis",Ignorar completamente a comunicacao visual,Evitar palavras-chave,"Publicar apenas uma vez por mes, sem qualquer atualizacao",B,"A redacao digital deve adaptar formato e linguagem por canal, priorizando textos diretos e escaneaveis."
142,Jornalismo,"Fundamentos, estrutura e tecnicas de redacao/edicao para midias digitais",Edital 5.5,A tecnica de escrita 'escaneavel' para midias digitais envolve:,"Paragrafos curtos, subtitulos e destaque de palavras-chave para facilitar a leitura rapida",Textos corridos sem qualquer divisao,Uso exclusivo de letras maiusculas,Ausencia total de titulos,Frases obrigatoriamente com mais de 40 palavras,A,"Escrita escaneavel usa paragrafos curtos, subtitulos e destaque de palavras-chave, facilitando a leitura rapida na tela."
143,Jornalismo,"Leitura critica, preparacao e tratamento de textos em midias digitais",Edital 5.6,"A leitura critica de um texto antes da publicacao em midias digitais deve verificar, entre outros pontos:",Apenas o numero de emojis utilizados,"Precisao factual, clareza, tom adequado ao canal e ausencia de erros","Se o texto tem exatamente 280 caracteres, sempre",Se o texto contem apenas adjetivos elogiosos,Se o texto foi compartilhado pelo maior numero de pessoas possivel antes da publicacao,B,"A leitura critica verifica precisao factual, clareza, adequacao de tom ao canal e ausencia de erros antes de publicar."
144,Jornalismo,"Leitura critica, preparacao e tratamento de textos em midias digitais",Edital 5.6,O tratamento de textos para midias digitais envolve tipicamente:,"Adequar tamanho, formato e linguagem ao canal de destino, preservando a precisao da informacao",Reescrever o texto de forma a distorcer os fatos originais,Eliminar toda checagem de fontes,Ignorar o publico-alvo do canal,Nunca revisar ortografia ou gramatica,A,"O tratamento de textos digitais adequa tamanho, formato e linguagem ao canal, preservando a precisao da informacao."
145,Jornalismo,Integracao entre texto e comunicacao visual,Edital 5.7,A integracao entre texto e comunicacao visual em midias digitais busca principalmente:,"Que a imagem apenas decore o texto, sem relacao direta com o conteudo","Que texto e imagem/video se reforcem mutuamente, ampliando a compreensao da mensagem",Eliminar completamente o uso de texto,Priorizar exclusivamente elementos sonoros,Tornar a leitura do conteudo mais dificil,B,"A integracao busca que texto e elementos visuais se reforcem mutuamente, ampliando a compreensao da mensagem."
146,Jornalismo,Integracao entre texto e comunicacao visual,Edital 5.7,Um infografico bem construido em midia digital deve:,Substituir toda a apuracao jornalistica por estetica,Traduzir dados complexos em uma representacao visual clara e precisa,"Conter o maximo de informacoes possivel, sem hierarquia visual","Ser identico em todos os canais, sem adaptacao",Dispensar qualquer fonte ou credito de dados,B,"Um bom infografico traduz dados complexos em representacao visual clara, precisa e hierarquizada."
147,Jornalismo,Novas logicas de circulacao de noticias e producao jornalistica no contexto da mobilidade,Edital 5.8,A producao jornalistica 'no contexto da mobilidade' leva em conta principalmente:,O consumo de noticias por computadores de mesa fixos,"O consumo predominante por smartphones, exigindo formatos curtos e de leitura rapida",A ausencia de qualquer consumo digital,Apenas a leitura em jornais impressos,A eliminacao total do video como formato,B,"A mobilidade exige formatos curtos, verticais e de leitura rapida, adaptados ao consumo predominante por smartphone."
148,Jornalismo,Novas logicas de circulacao de noticias e producao jornalistica no contexto da mobilidade,Edital 5.8,As novas logicas de circulacao de noticias nas redes se caracterizam por:,Seguir sempre um unico canal linear de distribuicao,"Fluxo multidirecional, onde o proprio publico redistribui e comenta o conteudo",Depender exclusivamente da edicao impressa do dia seguinte,Nao permitir qualquer mensuracao de alcance,Ser identicas as logicas de circulacao do jornal impresso tradicional,B,"A circulacao atual e multidirecional: o publico redistribui, comenta e amplia o alcance do conteudo original."
149,Jornalismo,"Conceito, identificacao, gestao e impactos de crises no ambiente digital",Edital 5.9,"Na gestao de crises no ambiente digital, uma etapa fundamental e:",Ignorar o problema ate que ele desapareca sozinho,"Monitorar rapidamente (social listening), definir porta-voz e responder de forma transparente e coerente",Deletar todos os comentarios negativos sem qualquer resposta,Aguardar meses antes de qualquer posicionamento,"Delegar a resposta a qualquer funcionario, sem orientacao previa",B,"A gestao de crise exige monitoramento rapido, porta-voz definido e resposta transparente e coerente."
150,Jornalismo,"Conceito, identificacao, gestao e impactos de crises no ambiente digital",Edital 5.9,Uma crise no ambiente digital pode ser definida como:,Qualquer comentario neutro sobre a marca,Um evento que ameaca a reputacao da organizacao e ganha visibilidade/repercussao rapida nas redes,Um post com poucas curtidas,Uma campanha publicitaria bem-sucedida,Uma reportagem elogiosa sobre a empresa,B,"Crise digital e um evento que ameaca a reputacao da organizacao, ganhando visibilidade e repercussao rapida online."
151,Jornalismo,Funcionarios e politica interna no uso de midias sociais,Edital 5.10,Uma politica interna de uso de midias sociais tem como objetivo principal:,Proibir que qualquer funcionario use redes sociais fora do trabalho,"Orientar o que colaboradores podem/nao podem publicar em nome da organizacao, protegendo a reputacao institucional",Substituir a assessoria de imprensa,Eliminar a necessidade de gestao de crises,"Ser aplicada apenas a diretores, nunca aos demais colaboradores",B,"A politica interna orienta o que colaboradores podem/nao publicar em nome da organizacao, protegendo a reputacao institucional."
152,Jornalismo,Funcionarios e politica interna no uso de midias sociais,Edital 5.10,A ausencia de uma politica clara de uso de midias sociais para funcionarios pode gerar como risco principal:,Melhoria automatica da reputacao institucional,"Vazamentos, declaracoes nao autorizadas e danos a imagem da organizacao",Reducao de custos operacionais,Aumento garantido de engajamento nas redes,Nenhum risco relevante para a organizacao,B,"Sem diretrizes claras, ha risco de vazamentos e declaracoes nao autorizadas que podem prejudicar a imagem institucional."
153,Censo,"IBGE: missao, estrutura e historia dos censos",Apostila - Cap. 1 a 3,Assinale a alternativa correta a respeito do IBGE:,"E um orgao vinculado exclusivamente ao Ministerio da Agricultura, sem autonomia tecnica",E o orgao coordenador e produtor de informacoes estatisticas e geograficas do Brasil,"Foi criado em 1996, junto com a retomada do Censo Agropecuario","Atua apenas na area de geociencias, sem pesquisas sociais",Nao possui rede de atuacao fora de Brasilia,B,O IBGE e o orgao coordenador e produtor das informacoes estatisticas e geograficas do Pais.
154,Censo,"IBGE: missao, estrutura e historia dos censos",Apostila - Cap. 1 a 3,Assinale a alternativa INCORRETA sobre a historia dos Censos Agropecuarios:,O primeiro Censo Agropecuario brasileiro foi realizado em 1920,De 1940 a 1970 os censos ocorreram a cada 10 anos,A partir de 1975 os censos passaram a ocorrer a cada 5 anos,"No seculo XXI, houve Censos Agropecuarios apenas em 2007 e 2017","Em 1990 o Censo Agropecuario foi realizado normalmente, sem atrasos",E,"Em 1990 NAO foi possivel a execucao do censo, que so ocorreu em 1996 — a alternativa E esta incorreta."
155,Censo,"IBGE: missao, estrutura e historia dos censos",Apostila - Cap. 1 a 3,"Segundo a apostila, o IBGE atua ha mais de quantos anos na producao de informacoes sobre o Brasil?",50 anos,60 anos,70 anos,80 anos,100 anos,D,"A apostila afirma que, ao longo de mais de 80 anos, o IBGE desempenha papel fundamental na producao de informacoes do Pais."
156,Censo,"Objetivo, concepcao e abrangencia do 12o Censo",Apostila - Cap. 4,"E correto afirmar que o objetivo do 12o Censo Agropecuario, Florestal e Aquicola e:",Levantar informacoes apenas sobre estabelecimentos com CNPJ ativo,Levantar informacoes sobre todos os estabelecimentos agropecuarios situados no territorio nacional,Substituir o Censo Demografico,Fiscalizar o pagamento de impostos rurais,Cadastrar somente propriedades acima de 100 hectares,B,"O objetivo e levantar informacoes sobre todos os estabelecimentos agropecuarios do territorio nacional, sem restricao de porte ou formalizacao."
157,Censo,"Objetivo, concepcao e abrangencia do 12o Censo",Apostila - Cap. 4,Assinale a alternativa INCORRETA sobre a concepcao do Censo Agropecuario:,A pesquisa leva em conta a Estrategia Global para o Aprimoramento das Estatisticas Agropecuarias,A pesquisa segue o Programa Mundial de Censos Agropecuarios da FAO,"Os resultados sao referidos apenas ao nivel nacional, sem recorte municipal",Os resultados permitem recortes por Terras Indigenas e Territorios Quilombolas,Os resultados permitem recortes por Unidades de Conservacao e Biomas,C,"Os resultados sao referidos ao nivel dos municipios, e nao apenas ao nivel nacional — a alternativa C esta incorreta."
158,Censo,Estrutura organizacional censitaria e cargos temporarios,Apostila - Cap. 5,Assinale a alternativa correta sobre a estrutura censitaria do 12o Censo Agropecuario:,Divide-se em estrutura permanente e estrutura temporaria,E composta exclusivamente por servidores efetivos do IBGE,Nao possui vinculo com as Superintendencias Estaduais,E dirigida unicamente pelos Postos Censitarios,Nao possui um Centro Nacional de Qualidade,A,A estrutura organizacional censitaria se divide em estrutura permanente e estrutura temporaria.
159,Censo,Estrutura organizacional censitaria e cargos temporarios,Apostila - Cap. 5,O Agente Censitario Administrativo (ACA) tem como atribuicao principal:,Supervisionar diretamente os Recenseadores em campo,Apoiar as atividades administrativas executadas pelo AOR,Coordenar o Centro Nacional de Qualidade,Definir o perimetro dos setores censitarios,Representar o IBGE perante a FAO,B,O ACA e responsavel por apoiar as atividades administrativas executadas pelo Assistente Operacional Regional (AOR).
160,Censo,Instrumentos de trabalho e navegacao em campo,Apostila - Cap. 6 e 7,"Em uma escala 1:25.000, uma distancia de 2 cm no mapa corresponde, na realidade, a:",250 m,500 m,1 km,2 km,5 km,C,"2 cm x 25.000 = 50.000 cm = 500 m; atencao: se a pergunta usasse 4 cm, o resultado seria 1 km. Aqui, 2 cm resultam em 500 m."
161,Censo,Instrumentos de trabalho e navegacao em campo,Apostila - Cap. 6 e 7,Assinale a alternativa correta sobre a legenda de um mapa censitario:,"Deve ser ignorada, pois so serve para decoracao","Apresenta simbolos e referencias a elementos do mapa, como estradas, rios e construcoes",Substitui integralmente a necessidade do descritivo do setor,"So existe em mapas digitais, nunca em mapas impressos","E identica em todos os setores do Pais, sem variacao",B,"A legenda apresenta simbolos e referencias, por cores e estilos graficos, a elementos como estradas, rios, vegetacao e construcoes."
162,Censo,Divisao politico-administrativa e Setor Censitario,Apostila - Cap. 8,Assinale a alternativa INCORRETA sobre a divisao politico-administrativa do Brasil:,"As Unidades da Federacao sao os 26 estados, o Distrito Federal e os municipios","Os municipios sao criados, incorporados, fundidos ou desmembrados por lei estadual","Os subdistritos existem, em geral, apenas nas grandes cidades","Os distritos possuem autonomia administrativa plena, como os municipios",O setor censitario e a menor unidade usada pelo IBGE para fins estatisticos,D,"Os distritos NAO possuem autonomia administrativa, estando subordinados ao governo municipal — a alternativa D esta incorreta."
163,Censo,Divisao politico-administrativa e Setor Censitario,Apostila - Cap. 8,"O geocodigo do setor censitario 51 04104 05 00 0016 traz, pela ordem, as seguintes informacoes:","Municipio, Estado, Setor, Distrito, Subdistrito","Estado, Municipio, Distrito, Subdistrito, Setor","Setor, Subdistrito, Distrito, Municipio, Estado","Distrito, Estado, Municipio, Setor, Subdistrito","Subdistrito, Setor, Estado, Municipio, Distrito",B,"O geocodigo segue a ordem Estado, Municipio, Distrito, Subdistrito e numero do Setor."
164,Censo,Estruturas territoriais: situacao e tipos de setores,Apostila - Cap. 9,Assinale a alternativa correta sobre a classificacao dos setores censitarios:,"Os setores sao classificados apenas por situacao, sem classificacao por tipo",Os setores sao classificados por situacao (rural/urbana) e por tipo (categorias especiais),Todos os setores sao obrigatoriamente do tipo 'nao especial',A classificacao por tipo se aplica apenas a setores urbanos,Massa d'agua e um tipo de area rural,B,Os setores censitarios sao classificados por dois codigos: situacao (rural/urbana) e tipo (categorias especiais).
165,Censo,Estruturas territoriais: situacao e tipos de setores,Apostila - Cap. 9,Uma 'Area urbana de baixa densidade de edificacoes' e caracterizada por:,Alta concentracao de predios e comercios,Processos de expansao urbana e presenca de areas verdes desabitadas,Ser sempre uma agrovila,Corresponder exclusivamente a nucleos indigenas,Nunca conter estabelecimentos agropecuarios,B,"Essa categoria e definida como area urbana com baixa densidade de edificacoes, processos de expansao urbana e areas verdes desabitadas, entre outras."
166,Censo,Povos e Comunidades Tradicionais (PCTs) e AIOs,Apostila - Cap. 10,Assinale a alternativa correta sobre as categorias de areas de PCTs:,Existe apenas uma categoria: territorios oficialmente reconhecidos pelo Estado,"Sao tres categorias: territorios oficialmente reconhecidos, agrupamentos identificados pelo IBGE e Areas de Interesse Operacional (AIOs)",AIOs e sinonimo de Terras Indigenas oficialmente demarcadas,Agrupamentos Indigenas e Quilombolas nao sao identificados pelo IBGE,Reservas extrativistas nunca sao consideradas PCTs,B,"As areas de PCTs se organizam em tres categorias: territorios oficialmente reconhecidos, agrupamentos identificados pelo IBGE e AIOs."
167,Censo,Povos e Comunidades Tradicionais (PCTs) e AIOs,Apostila - Cap. 10,"A indicacao de guia institucional e/ou guia-interprete em Terras Indigenas e feita com apoio de quais orgaos, segundo a apostila?",Apenas do IBAMA,FUNAI e SESAI,Apenas do Ministerio da Justica,Exclusivamente de ONGs internacionais,Apenas da Policia Federal,B,A apostila cita a Fundacao Nacional dos Povos Indigenas (FUNAI) e a Secretaria Especial de Saude Indigena (SESAI) como apoio na indicacao do guia.
168,Censo,Endereco e Coordenadas Geograficas,Apostila - Cap. 11 e 12,Assinale a alternativa INCORRETA sobre os componentes do endereco no Censo Agropecuario:,"O logradouro e uma area publica de circulacao de pessoas, veiculos e mercadorias",A localidade e o nome pelo qual e conhecido o local ou regiao onde esta situado o endereco,"O CEP e um conjunto numerico de oito digitos, mantido pela ECT","O modificador e sempre obrigatorio em qualquer endereco, mesmo sem necessidade de diferenciacao",O ponto de referencia auxilia a localizacao quando faltam numero ou complemento adequados,D,O modificador pode existir ou nao — nao e sempre obrigatorio; a alternativa D esta incorreta.
169,Censo,Endereco e Coordenadas Geograficas,Apostila - Cap. 11 e 12,"Sobre o Sistema de Coordenadas Geograficas, e correto afirmar que:",Latitude e Longitude sao sinonimos,"A Longitude vai de 0 a 90 graus, Norte ou Sul",A Latitude e medida a partir do Meridiano de Greenwich,"A Longitude e medida a partir do Meridiano de Greenwich, variando de 0 a 180 graus, Leste ou Oeste",As coordenadas geograficas nao sao usadas no DMC,D,"A longitude e medida a partir do Meridiano de Greenwich e varia de 0 a 180 graus, podendo ser Leste ou Oeste."
170,Censo,"Estabelecimento agropecuario, subsistencia e produtores sem area",Apostila - Cap. 13 e 14,Assinale a alternativa correta sobre o conceito de estabelecimento agropecuario:,Depende obrigatoriamente de registro em cartorio,"E toda unidade de producao/exploracao dedicada, total ou parcialmente, a atividades agropecuarias, florestais e aquicolas",So existe em area rural,Precisa ter no minimo 1 hectare,Deve ter finalidade exclusiva de exportacao,B,"O conceito e amplo: toda unidade dedicada, total ou parcialmente, a atividades agropecuarias, florestais ou aquicolas, independente de tamanho, forma juridica, localizacao ou valor da producao."
171,Censo,"Estabelecimento agropecuario, subsistencia e produtores sem area",Apostila - Cap. 13 e 14,Assinale a alternativa INCORRETA sobre unidades nao recenseaveis:,Horta domestica mantida apenas para consumo e lazer da familia nao e recenseavel,Criacao exclusiva de passaros como animal de estimacao nao e recenseavel,Animais destinados a producao de vacinas e soros nao sao recenseaveis,"Qualquer quintal com arvore frutifera, mesmo sem finalidade comercial ou de subsistencia, e sempre recenseavel",A classificacao de recenseavel depende do questionario de abordagem inicial,D,"Producao exclusivamente para lazer/passatempo dos moradores, sem finalidade de venda ou subsistencia, NAO e recenseavel — a alternativa D esta incorreta."
172,Censo,Situacoes especiais,Apostila - Cap. 15,Assinale a alternativa correta sobre estabelecimentos pertencentes a industrias:,"O Censo Agropecuario investiga toda a atividade industrial, incluindo vendas e salarios","O Censo Agropecuario investiga somente a parte diretamente ligada a atividade agropecuaria, florestal e aquicola","Estabelecimentos industriais sao sempre excluidos do censo, mesmo tendo producao agropecuaria",Dados de producao industrial substituem o questionario agropecuario,Nao ha necessidade de aplicar questionario nesses casos,B,"Quando ha estabelecimentos ligados a industrias, o Censo investiga apenas a parte diretamente relacionada a atividade agropecuaria, florestal e aquicola."
173,Censo,Situacoes especiais,Apostila - Cap. 15,"Sobre exploracao comunitaria em terras indigenas ou reservas extrativistas, assinale a alternativa correta:","Deve-se sempre preencher um unico questionario, independentemente da forma de organizacao da producao","Na producao coletiva, preenche-se um unico questionario; na producao individual por familia, um questionario por familia",Exploracao comunitaria nunca e recenseada,"So se aplica a reservas extrativistas, nunca a terras indigenas","Deve-se sempre preencher um questionario por individuo, e nao por familia",B,"Na producao coletiva usa-se um unico questionario; na producao individual, um questionario para cada familia."
174,Jornalismo,Comunicacao e jornalismo: modelos teoricos e processos de significacao,Edital 1,Assinale a alternativa INCORRETA sobre modelos teoricos da comunicacao:,"O modelo de Shannon e Weaver tem origem matematica, com foco na transmissao de informacao",O modelo de Lasswell e associado a tradicao funcionalista dos efeitos da midia,A Escola de Palo Alto entende a comunicacao como um processo sistemico e contextual,"Para os Estudos Culturais, o receptor e sempre passivo e nao interfere no sentido da mensagem",A semiotica estuda os processos de producao de sentido a partir de signos,D,"Os Estudos Culturais entendem o receptor como ativo na producao de sentido, e nao como passivo — a alternativa D esta incorreta."
175,Jornalismo,Comunicacao e jornalismo: modelos teoricos e processos de significacao,Edital 1,"De acordo com a tradicao funcionalista de Lasswell, o estudo dos efeitos da comunicacao se concentra em:",Analisar apenas o codigo linguistico da mensagem,"Compreender quem diz o que, por qual canal, para qual publico e com qual efeito",Descartar a analise do receptor da mensagem,Focar exclusivamente na producao grafica do veiculo,Ignorar o papel do emissor,B,"A tradicao funcionalista, a partir de Lasswell, busca compreender emissor, mensagem, canal, receptor e efeito."
176,Jornalismo,Articulacao dos codigos comunicacionais nas novas midias,Edital 1.1,Assinale a alternativa correta sobre os codigos comunicacionais nas novas midias:,"Nas novas midias, os codigos textual, visual e sonoro tendem a se articular de forma isolada, sem integracao","A articulacao dos codigos comunicacionais favorece formatos multimidiaticos, hipertextuais e interativos",Novas midias eliminam por completo a necessidade de texto escrito,So e possivel articular codigos em midia impressa,A articulacao de codigos reduz o alcance do conteudo jornalistico,B,"Nas novas midias, a articulacao de codigos favorece formatos multimidiaticos, hipertextuais e interativos."
177,Jornalismo,Articulacao dos codigos comunicacionais nas novas midias,Edital 1.1,A capacidade de um conteudo digital ser armazenado e recuperado posteriormente pelo usuario e associada a caracteristica de:,Instantaneidade,Memoria,Multimidialidade apenas,Sonoridade,Linearidade,B,A memoria e a caracteristica associada ao armazenamento e a possibilidade de recuperacao posterior do conteudo digital.
178,Jornalismo,Formas de jornalismo e seu papel no mundo global,Edital 1.2,Assinale a alternativa INCORRETA sobre as formas de jornalismo:,"O telejornalismo combina imagem, som e texto na construcao da noticia",O jornalismo comunitario da voz a demandas e grupos pouco representados na grande midia,O documentario jornalistico dispensa qualquer apuracao aprofundada dos fatos,O radiojornalismo se apoia fortemente na linguagem oral e no imediatismo,O jornalismo em redes sociais tem forte logica de viralizacao e curadoria,C,"O documentario jornalistico exige apuracao aprofundada, e nao a dispensa — a alternativa C esta incorreta."
179,Jornalismo,Formas de jornalismo e seu papel no mundo global,Edital 1.2,"No cenario global contemporaneo, as diferentes formas de jornalismo tendem a:","Atuar de forma totalmente isolada, sem qualquer hibridizacao entre formatos","Coexistir e se hibridizar, com o mesmo fato podendo circular em radio, site, video curto e documentario",Ser substituidas integralmente pelo jornalismo impresso tradicional,"Desaparecer, restando apenas o jornalismo televisivo",Nao ter qualquer relacao com o consumo de midia pelo publico,B,"No cenario global, as formas de jornalismo coexistem e se hibridizam entre diferentes suportes e formatos."
180,Jornalismo,Perfil do jornalismo com o advento das novas tecnologias,Edital 1.3,Assinale a alternativa correta sobre o perfil do jornalista contemporaneo:,As novas tecnologias tornaram desnecessaria a checagem de fontes,"O jornalista contemporaneo tende a atuar de forma multifuncional, produzindo para diferentes suportes",A curadoria de informacao deixou de ser uma habilidade relevante,O dominio de ferramentas digitais e irrelevante para a profissao atual,As redacoes deixaram de exigir qualquer conhecimento tecnologico,B,"Com as novas tecnologias, o jornalista tende a ser multifuncional, produzindo conteudo para diferentes suportes e plataformas."
181,Jornalismo,Perfil da propaganda institucional e educativa,Edital 1.4,Assinale a alternativa INCORRETA sobre propaganda institucional e educativa:,A propaganda institucional promove a imagem e os valores de uma organizacao,A propaganda educativa busca orientar ou mudar comportamentos de interesse publico,Orgaos publicos podem utilizar propaganda institucional para explicar sua missao e utilidade social,A propaganda institucional tem como objetivo central vender diretamente um produto especifico,Campanhas de orientacao ao cidadao sobre um servico publico sao exemplos de propaganda educativa,D,"A propaganda institucional promove a imagem e os valores da organizacao, e nao a venda direta de um produto — a alternativa D esta incorreta."
182,Jornalismo,"Comunicacao publica: LAI, transparencia, interesse publico e democracia",Edital 1.5,"De acordo com a Lei de Acesso a Informacao (Lei no 12.527/2011), assinale a alternativa correta:",O sigilo das informacoes publicas e a regra geral,"A publicidade das informacoes publicas e a regra geral, sendo o sigilo excepcional",Nao existem prazos legais para resposta aos pedidos de informacao,Somente empresas privadas estao sujeitas a LAI,"A LAI nao prve hipoteses de sigilo, nem mesmo por seguranca do Estado",B,"A LAI estabelece que a publicidade e a regra e o sigilo, excecao, prevendo prazos e hipoteses restritas de sigilo."
183,Jornalismo,"Comunicacao publica: LAI, transparencia, interesse publico e democracia",Edital 1.5,"O acesso a informacao publica de qualidade e apontado, no ambito da comunicacao publica, como condicao para:",O enfraquecimento do controle social,O controle social e a participacao cidada,A extincao da assessoria de imprensa,A eliminacao da necessidade de transparencia ativa,A centralizacao total da informacao no Poder Executivo,B,"O acesso a informacao de qualidade e condicao para o controle social e a participacao cidada, pilares da comunicacao publica."
184,Jornalismo,"Jornalismo de dados: raspagem, limpeza e visualizacao",Edital 1.6,Assinale a alternativa correta sobre as etapas do jornalismo de dados:,"Raspagem, limpeza e visualizacao sao etapas tipicas do processo de apuracao baseado em dados",A limpeza de dados e dispensavel quando a base e publica,A visualizacao de dados substitui a necessidade de apuracao factual,"A raspagem de dados so pode ser feita manualmente, nunca de forma automatizada",Dados publicos nunca precisam de tratamento antes da analise,A,"Raspagem (coleta automatizada), limpeza (tratamento de inconsistencias) e visualizacao (comunicacao clara dos dados) sao etapas centrais do jornalismo de dados."
185,Jornalismo,"Comunicacao cidada: colaborativo, financiamento coletivo, copyleft, narrativas independentes",Edital 1.7,Assinale a alternativa INCORRETA sobre comunicacao cidada:,O financiamento coletivo permite que o publico financie diretamente projetos jornalisticos,"O copyleft exige, em geral, a manutencao da mesma licenca livre nas redistribuicoes",Narrativas independentes costumam surgir fora dos grandes conglomerados de midia,O jornalismo colaborativo exclui qualquer participacao de cidadaos ou fontes na producao de conteudo,A comunicacao cidada busca ampliar vozes pouco representadas na grande midia,D,"O jornalismo colaborativo justamente inclui a participacao de cidadaos e fontes na producao, muitas vezes em rede — a alternativa D esta incorreta."
186,Jornalismo,Politica editorial,Edital 2,Assinale a alternativa correta sobre politica editorial:,Refere-se apenas as cores e fontes usadas no site do veiculo,"E o conjunto de diretrizes que orienta a cobertura, a hierarquizacao de pautas e o posicionamento institucional do veiculo",Nao tem relacao com o posicionamento do veiculo diante de temas sensiveis,E definida exclusivamente pelo departamento comercial,Aplica-se somente a veiculos impressos,B,"A politica editorial orienta a linha de cobertura, a hierarquizacao de pautas e o posicionamento institucional diante de temas sensiveis."
187,Jornalismo,Editoriais (tipos comuns e especiais),Edital 2.1,Assinale a alternativa INCORRETA sobre editoriais:,"O editorial expressa a posicao oficial do veiculo, sem assinatura individual","Existem editoriais comuns, como o politico, o economico e o social",Editoriais de efemeride e de balanco/retrospectiva sao considerados tipos especiais,"O editorial deve ser sempre assinado por um unico reporter, em nome pessoal",O editorial pode expressar repudio ou apoio a um fato especifico,D,O editorial nao e assinado individualmente; representa a posicao institucional do veiculo — a alternativa D esta incorreta.
188,Jornalismo,Reportagem (tipos) e entrevista (modalidades),Edital 2.2,Assinale a alternativa correta sobre tipos de reportagem:,"A reportagem de servico tem foco utilitario, orientado ao leitor",Toda reportagem e obrigatoriamente investigativa,"A reportagem especial/seriada e sempre publicada em uma unica edicao, sem continuidade",A reportagem factual nunca aprofunda um fato do momento,Reportagens nao podem utilizar personagens,A,"A reportagem de servico tem foco utilitario, trazendo informacoes praticas de interesse do leitor."
189,Jornalismo,Reportagem (tipos) e entrevista (modalidades),Edital 2.2,"Sobre modalidades de entrevista, assinale a alternativa INCORRETA:",A entrevista coletiva reune varias fontes de imprensa questionando simultaneamente um mesmo entrevistado,A entrevista de perfil busca aprofundar a personalidade e trajetoria do entrevistado,A sonora e um trecho gravado de fala usado dentro de uma materia de radio ou TV,O pingue-pongue e publicado em formato de pergunta e resposta na integra,Toda entrevista deve obrigatoriamente ser publicada em formato de perfil,E,"Existem diversas modalidades de entrevista (pingue-pongue, coletiva, perfil, sonora), nao apenas o perfil — a alternativa E esta incorreta."
190,Jornalismo,Titulacao,Edital 2.3,Assinale a alternativa correta sobre titulacao jornalistica:,O titulo deve ser propositalmente ambiguo para atrair cliques,"O titulo deve ser claro, objetivo e informativo, evitando sensacionalismo",O titulo deve reproduzir integralmente o texto da materia,O titulo nao tem relacao com o conteudo da noticia,O titulo deve sempre utilizar linguagem tecnica e rebuscada,B,"O titulo jornalistico deve ser claro, objetivo e informativo, evitando ambiguidade, jargao e sensacionalismo."
191,Jornalismo,O texto jornalistico: estrutura da noticia,Edital 2.4,Assinale a alternativa INCORRETA sobre a estrutura do texto jornalistico:,A piramide invertida apresenta a informacao mais importante logo no inicio do texto,"O lide costuma responder as perguntas o que, quem, quando, onde, como e por que",O texto jornalistico informativo busca objetividade e clareza na apresentacao dos fatos,"A piramide invertida organiza o texto em ordem estritamente cronologica, do inicio ao fim do dia","Informacoes complementares costumam vir apos o lide, detalhando e contextualizando o fato",D,"A piramide invertida organiza o texto por ordem de relevancia decrescente, e nao por ordem cronologica estrita — a alternativa D esta incorreta."
192,Jornalismo,Numeros e siglas,Edital 2.5,Assinale a alternativa correta sobre o uso de numeros no texto jornalistico:,"Numeros de 1 a 9 sao geralmente escritos por extenso, e a partir de 10, em algarismos","Todos os numeros devem sempre ser escritos por extenso, sem excecao","Todos os numeros devem sempre ser escritos em algarismos, sem excecao","Numeros nunca podem iniciar uma frase, mesmo por extenso",Nao ha convencao usual sobre a escrita de numeros em textos jornalisticos,A,A convencao usual em manuais de redacao e escrever de 1 a 9 por extenso e a partir de 10 em algarismos.
193,Jornalismo,Uso correto dos verbos,Edital 2.6,Assinale a alternativa correta sobre o uso de verbos no texto jornalistico:,"Verbos de elocucao, como 'disse' e 'afirmou', devem ser evitados sempre que possivel",O uso adequado dos verbos contribui para a precisao e a credibilidade da informacao transmitida,A concordancia verbal e irrelevante para a clareza do texto jornalistico,O texto jornalistico deve preferir tempos verbais compostos e rebuscados,"Verbos de elocucao servem apenas para enfeitar o texto, sem funcao informativa",B,"O uso correto dos verbos, incluindo a concordancia e os verbos de elocucao, garante precisao e credibilidade ao texto."
194,Jornalismo,Comunicacao organizacional integrada: areas e atribuicoes,Edital 3,Assinale a alternativa INCORRETA sobre comunicacao organizacional integrada:,"Busca articular assessoria de imprensa, publicidade, comunicacao interna e demais areas de forma coerente",A comunicacao interna e voltada aos proprios colaboradores da organizacao,Stakeholders sao os diversos publicos de interesse relacionados a organizacao,"Cada area de comunicacao deve atuar de forma isolada, sem qualquer articulacao com as demais",A comunicacao institucional/relacoes publicas protege a imagem e a reputacao da organizacao,D,"A comunicacao integrada busca justamente articular as areas, e nao mante-las isoladas — a alternativa D esta incorreta."
195,Jornalismo,"Politicas de Comunicacao: valores, objetivos, diretrizes e procedimentos",Edital 3.1,Assinale a alternativa correta sobre Politicas de Comunicacao:,Formalizam apenas o cronograma de eventos sociais da empresa,"Formalizam valores, objetivos, diretrizes e procedimentos que orientam a comunicacao da organizacao","Sao documentos exclusivos de empresas privadas, nunca aplicaveis a orgaos publicos",Substituem integralmente a necessidade de assessoria de imprensa,Nao tem relacao com a atuacao dos colaboradores da organizacao,B,"A Politica de Comunicacao formaliza valores, objetivos, diretrizes e procedimentos que orientam a comunicacao institucional."
196,Jornalismo,Assessoria de imprensa: questoes eticas e papel do assessor (publico e privado),Edital 4,Assinale a alternativa INCORRETA sobre o papel do assessor de imprensa:,"No setor publico, o assessor tem responsabilidade adicional de garantir transparencia e acesso a informacao","Na iniciativa privada, o assessor tende a focar na reputacao da marca e no relacionamento comercial",O assessor deve mediar com transparencia a relacao entre fonte e jornalistas,E eticamente aceitavel que o assessor forneca informacoes falsas caso isso favoreca a imagem da instituicao,O assessor deve respeitar o direito de resposta e o interesse publico,D,Fornecer informacoes falsas fere principios eticos basicos da profissao — a alternativa D esta incorreta.
197,Jornalismo,"Perfil do profissional de assessoria: exigencias, dados e pesquisa complementar",Edital 4.1,Assinale a alternativa correta sobre o perfil exigido do assessor de imprensa:,"Deve evitar qualquer contato com dados, mapas e graficos","Deve ter capacidade de leitura e cruzamento de dados, mapas, graficos e indicadores numericos",Nao precisa conhecer o funcionamento das redacoes jornalisticas,Deve restringir sua atuacao apenas a producao de convites de eventos,A pesquisa complementar em livros e textos e dispensavel,B,"O perfil do assessor exige capacidade de leitura e cruzamento de dados, mapas, graficos e indicadores numericos, alem de pesquisa complementar."
198,Jornalismo,Veiculos de comunicacao internos e externos,Edital 4.2,Assinale a alternativa INCORRETA sobre veiculos de comunicacao internos e externos:,O house organ e uma publicacao institucional voltada ao publico interno e/ou externo,A newsletter e tipicamente um boletim periodico distribuido por e-mail,A revista institucional pode aprofundar conteudos e fortalecer a imagem da organizacao,"Veiculos internos e externos cumprem exatamente a mesma funcao, sem qualquer diferenca de publico-alvo",Esses veiculos fazem parte da comunicacao organizacional integrada,D,"Veiculos internos e externos tem publicos-alvo distintos (colaboradores x publico externo), com funcoes diferenciadas — a alternativa D esta incorreta."
199,Jornalismo,Clipping e clipping eletronico,Edital 4.3,Assinale a alternativa correta sobre clipping:,O clipping serve para compilar e organizar materias ja publicadas sobre a organizacao,"O clipping eletronico e feito exclusivamente de forma manual, recortando jornais impressos",O clipping substitui a necessidade de producao de releases,Clipping e sinonimo de nota oficial,O clipping nao tem qualquer utilidade para a assessoria de imprensa,A,"O clipping compila as materias publicadas sobre a organizacao, permitindo acompanhar sua repercussao na midia."
200,Jornalismo,"Producao de releases, comunicados e notas oficiais",Edital 4.4,"Assinale a alternativa INCORRETA sobre releases, comunicados e notas oficiais:","O release segue estrutura semelhante a da noticia, com lide e informacoes objetivas","A nota oficial e assinada em nome da organizacao, e nao de uma pessoa fisica","O comunicado informa de forma direta um aviso, mudanca ou evento","Release e nota oficial sao termos absolutamente sinonimos, sem qualquer diferenca de uso","A nota oficial costuma ser reativa, usada diante de uma demanda ou crise",D,"Release (proativo, sugestao de pauta) e nota oficial (reativa, posicionamento formal) tem usos distintos — a alternativa D esta incorreta."
201,Jornalismo,Midias Sociais: a Internet como ferramenta para construcao da marca,Edital 5,Assinale a alternativa correta sobre a internet como ferramenta de construcao de marca:,"A presenca digital consistente, com identidade e tom de voz coerentes, fortalece a construcao de marca",A internet nao oferece vantagens em relacao a midia tradicional para a construcao de marca,Mudar constantemente a identidade visual fortalece a percepcao da marca,A construcao de marca digital independe de qualquer interacao com o publico,Redes sociais nao permitem mensurar resultados de uma estrategia de marca,A,"A presenca digital consistente, com identidade visual e tom de voz coerentes, fortalece a construcao de marca ao longo do tempo."
202,Jornalismo,A importancia das redes sociais para as marcas,Edital 5.1,Assinale a alternativa INCORRETA sobre a importancia das redes sociais para as marcas:,Permitem relacionamento direto e mensuravel com o publico,Contribuem para fortalecer a percepcao de proximidade e confianca junto ao publico,Sao irrelevantes para a reputacao e os resultados de negocio de uma marca,Podem fortalecer vendas e reputacao quando bem geridas,"Oferecem canais diretos, sem a intermediacao da midia tradicional",C,"As redes sociais sao, ao contrario, altamente relevantes para reputacao e resultados de negocio — a alternativa C esta incorreta."
203,Jornalismo,A interacao entre marcas digitais e o seu publico,Edital 5.2,Assinale a alternativa correta sobre a interacao entre marcas digitais e seu publico:,"E um processo de mao unica, sem qualquer resposta do publico","E bidirecional, permitindo que o publico responda, comente e influencie a percepcao da marca","Deve ser evitada, pois aumenta o risco de criticas",Independe de qualquer estrategia de conteudo,So e possivel em marcas de grande porte,B,"A interacao entre marca e publico nas midias digitais e bidirecional, com o publico influenciando ativamente a percepcao da marca."
204,Jornalismo,Construindo presenca e engajamento nas redes sociais,Edital 5.3,Assinale a alternativa INCORRETA sobre presenca e engajamento nas redes sociais:,"O engajamento e medido por curtidas, comentarios, compartilhamentos e interacao real",A regularidade de publicacao contribui para construir presenca consistente,A coerencia de tom de voz ao longo do tempo fortalece a identidade da marca nas redes,"O numero de seguidores, isoladamente, e sempre a melhor medida de engajamento",Metricas de desempenho ajudam a orientar ajustes na estrategia de conteudo,D,Engajamento nao se resume ao numero de seguidores; envolve interacao real do publico com o conteudo — a alternativa D esta incorreta.
205,Jornalismo,Cenario atual da exploracao de redes sociais e midias interativas por empresas,Edital 5.4,Assinale a alternativa correta sobre o cenario atual de exploracao de redes sociais por empresas e orgaos publicos:,"Buscam ampliar alcance, dialogar diretamente com o publico e fortalecer reputacao de forma agil",Tendem a abandonar por completo o uso de redes sociais,"Utilizam redes sociais apenas para fins internos, sem contato com o publico externo",Nao ha qualquer mensuracao possivel dos resultados obtidos,As midias interativas restringem o usuario a consumo passivo,A,"Empresas e orgaos publicos utilizam as redes para ampliar alcance, dialogar com o publico e fortalecer a reputacao de forma agil."
206,Jornalismo,"Fundamentos, estrutura e tecnicas de redacao/edicao para midias digitais",Edital 5.5,Assinale a alternativa INCORRETA sobre redacao e edicao para midias digitais:,O texto deve ser adaptado ao formato e a linguagem de cada canal,Paragrafos curtos e subtitulos favorecem a leitura escaneavel,Palavras-chave auxiliam a organizacao e a compreensao do conteudo,"O mesmo texto, no mesmo formato, deve ser usado identicamente em todos os canais, sem qualquer adaptacao",A comunicacao visual pode reforcar a mensagem do texto,D,"A redacao digital exige adaptar formato e linguagem a cada canal, e nao repetir o mesmo texto identicamente em todos — a alternativa D esta incorreta."
207,Jornalismo,"Leitura critica, preparacao e tratamento de textos em midias digitais",Edital 5.6,Assinale a alternativa correta sobre a leitura critica de textos para midias digitais:,"Deve verificar apenas o numero de caracteres do texto, ignorando o conteudo","Deve verificar precisao factual, clareza, tom adequado ao canal e ausencia de erros",E dispensavel quando o texto vem de uma fonte considerada confiavel,Deve ser feita apenas apos a publicacao do conteudo,Nao tem relacao com a adequacao do texto ao publico-alvo,B,"A leitura critica verifica precisao factual, clareza, adequacao de tom ao canal e ausencia de erros antes de publicar."
208,Jornalismo,Integracao entre texto e comunicacao visual,Edital 5.7,Assinale a alternativa INCORRETA sobre a integracao entre texto e comunicacao visual:,Texto e imagem/video devem se reforcar mutuamente na midia digital,Um bom infografico traduz dados complexos em representacao visual clara e precisa,"A comunicacao visual deve, idealmente, estar dissociada do conteudo do texto, sem qualquer relacao entre eles",A integracao amplia a compreensao da mensagem pelo publico,Infograficos devem apresentar hierarquia visual clara,C,"A comunicacao visual deve reforcar o conteudo do texto, e nao estar dissociada dele — a alternativa C esta incorreta."
209,Jornalismo,Novas logicas de circulacao de noticias e producao jornalistica no contexto da mobilidade,Edital 5.8,Assinale a alternativa correta sobre a producao jornalistica no contexto da mobilidade:,O consumo de noticias por smartphones exige formatos curtos e de leitura rapida,A mobilidade tornou irrelevante a producao de conteudo em video,O publico deixou de redistribuir e comentar conteudos nas redes,"A circulacao de noticias hoje segue um unico canal linear, sem redistribuicao",Formatos longos sao sempre preferiveis no consumo mobile,A,"O consumo predominante por smartphones exige formatos curtos, verticais e de leitura rapida, adaptados a mobilidade."
210,Jornalismo,"Conceito, identificacao, gestao e impactos de crises no ambiente digital",Edital 5.9,Assinale a alternativa INCORRETA sobre gestao de crises no ambiente digital:,O monitoramento rapido (social listening) e uma etapa importante da gestao de crises,Definir um porta-voz contribui para uma resposta coerente durante a crise,A resposta transparente ajuda a conter a escalada de uma crise digital,"A melhor estrategia diante de uma crise digital e ignorar completamente o assunto, sem qualquer posicionamento",Uma crise digital pode ameacar a reputacao da organizacao rapidamente,D,"Ignorar a crise, sem qualquer posicionamento, tende a agravar o problema, e nao a resolve-lo — a alternativa D esta incorreta."
211,Jornalismo,Funcionarios e politica interna no uso de midias sociais,Edital 5.10,Assinale a alternativa correta sobre a politica interna de uso de midias sociais:,Deve orientar o que os colaboradores podem ou nao publicar em nome da organizacao,E desnecessaria em organizacoes de qualquer porte,"Deve proibir totalmente o uso pessoal de redes sociais pelos funcionarios, mesmo fora do expediente",Nao tem relacao com a protecao da reputacao institucional,Deve ser aplicada apenas a diretores da organizacao,A,"A politica interna orienta o que colaboradores podem/nao publicar em nome da organizacao, protegendo a reputacao institucional."
